player_id,name_first,name_last,hand,dob,ioc,height,wikidata_id,full_name,tour,player_key
106331,Christopher,Oconnell,R,19940603.0,AUS,183.0,Q28151675,Christopher Oconnell,ATP,ATP_106331
106329,Thiago,Monteiro,L,19940531.0,BRA,183.0,Q16301147,Thiago Monteiro,ATP,ATP_106329
106353,Pedja,Krstin,R,19940903.0,SRB,183.0,Q16587689,Pedja Krstin,ATP,ATP_106353
106298,Lucas,Pouille,R,19940223.0,FRA,185.0,Q13403768,Lucas Pouille,ATP,ATP_106298
106296,Gregoire,Barrere,R,19940216.0,FRA,183.0,Q24228674,Gregoire Barrere,ATP,ATP_106296
106293,Kimmer,Coppejans,R,19940207.0,BEL,178.0,Q1856953,Kimmer Coppejans,ATP,ATP_106293
106292,Hernan,Casanova,R,19940206.0,ARG,178.0,Q105622540,Hernan Casanova,ATP,ATP_106292
106291,Luke,Saville,R,19940102.0,AUS,188.0,Q1475869,Luke Saville,ATP,ATP_106291
106288,Mathias,Bourgue,R,19940118.0,FRA,188.0,Q17071396,Mathias Bourgue,ATP,ATP_106288
106380,Gonzalo,Villanueva,R,19950113.0,ARG,175.0,Q106307111,Gonzalo Villanueva,ATP,ATP_106380
106378,Kyle,Edmund,R,19950108.0,GBR,188.0,Q6451141,Kyle Edmund,ATP,ATP_106378
106368,Ramkumar,Ramanathan,R,19941108.0,IND,188.0,Q15759429,Ramkumar Ramanathan,ATP,ATP_106368
106398,Pedro,Cachin,R,19950412.0,ARG,185.0,Q19560184,Pedro Cachin,ATP,ATP_106398
106393,Frederico,Ferreira Silva,L,19950318.0,POR,178.0,Q5499229,Frederico Ferreira Silva,ATP,ATP_106393
106283,Mitchell,Krueger,R,19940112.0,USA,188.0,Q16941929,Mitchell Krueger,ATP,ATP_106283
106281,Liam,Broady,L,19940104.0,GBR,183.0,Q2965183,Liam Broady,ATP,ATP_106281
106302,Andrew,Harris,R,19940307.0,AUS,183.0,Q16209408,Andrew Harris,ATP,ATP_106302
106408,Mario,Vilella Martinez,R,19950703.0,ESP,178.0,Q23668766,Mario Vilella Martinez,ATP,ATP_106408
106401,Nick,Kyrgios,R,19950427.0,AUS,193.0,Q3720084,Nick Kyrgios,ATP,ATP_106401
106426,Cristian,Garin,R,19960530.0,CHI,185.0,Q4252035,Cristian Garin,ATP,ATP_106426
106425,Blake,Mott,R,19960421.0,AUS,180.0,Q22677588,Blake Mott,ATP,ATP_106425
106423,Thanasi,Kokkinakis,R,19960410.0,AUS,193.0,Q3784554,Thanasi Kokkinakis,ATP,ATP_106423
106421,Daniil,Medvedev,R,19960211.0,RUS,198.0,Q21622022,Daniil Medvedev,ATP,ATP_106421
106415,Yoshihito,Nishioka,L,19950927.0,JPN,170.0,Q16735453,Yoshihito Nishioka,ATP,ATP_106415
106249,Joao,Domingues,R,19931005.0,POR,178.0,Q19560368,Joao Domingues,ATP,ATP_106249
106432,Borna,Coric,R,19961114.0,CRO,188.0,Q14905846,Borna Coric,ATP,ATP_106432
106234,Aslan,Karatsev,R,19930904.0,RUS,185.0,Q18546813,Aslan Karatsev,ATP,ATP_106234
106233,Dominic,Thiem,R,19930903.0,AUT,185.0,Q88762,Dominic Thiem,ATP,ATP_106233
106228,Juan Ignacio,Londero,R,19930815.0,ARG,180.0,Q15665498,Juan Ignacio Londero,ATP,ATP_106228
106227,Ji Sung,Nam,R,19930815.0,KOR,183.0,Q16581593,Ji Sung Nam,ATP,ATP_106227
106220,Dimitar,Kuzmanov,R,19930728.0,BUL,183.0,Q12061061,Dimitar Kuzmanov,ATP,ATP_106220
106218,Marcos,Giron,R,19930724.0,USA,180.0,Q17478053,Marcos Giron,ATP,ATP_106218
106216,Bjorn,Fratangelo,R,19930719.0,USA,183.0,Q3657277,Bjorn Fratangelo,ATP,ATP_106216
106214,Oscar,Otte,R,19930716.0,GER,193.0,Q29559367,Oscar Otte,ATP,ATP_106214
106210,Jiri,Vesely,L,19930710.0,CZE,198.0,Q2481933,Jiri Vesely,ATP,ATP_106210
106198,Hugo,Dellien,R,19930616.0,BOL,180.0,Q5904441,Hugo Dellien,ATP,ATP_106198
106187,Denis,Yevseyev,R,19930522.0,KAZ,188.0,Q56250314,Denis Yevseyev,ATP,ATP_106187
106186,Jason,Kubler,R,19930519.0,AUS,178.0,Q6162896,Jason Kubler,ATP,ATP_106186
106177,Oriol,Roca Batalla,R,19930430.0,ESP,175.0,Q20670785,Oriol Roca Batalla,ATP,ATP_106177
106162,Franco,Agamenone,R,19930415.0,ITA,191.0,Q43301688,Franco Agamenone,ATP,ATP_106162
200005,Ugo,Humbert,L,19980626.0,FRA,188.0,Q54007306,Ugo Humbert,ATP,ATP_200005
200000,Felix,Auger Aliassime,R,20000808.0,CAN,193.0,Q20752045,Felix Auger Aliassime,ATP,ATP_200000
106148,Roberto,Carballes Baena,R,19930323.0,ESP,183.0,Q16146051,Roberto Carballes Baena,ATP,ATP_106148
106174,Gonzalo,Lama,R,19930427.0,CHI,180.0,Q6422706,Gonzalo Lama,ATP,ATP_106174
106137,Tristan,Lamasine,R,19930305.0,FRA,183.0,Q16300796,Tristan Lamasine,ATP,ATP_106137
106121,Taro,Daniel,R,19930127.0,JPN,191.0,Q15714673,Taro Daniel,ATP,ATP_106121
200008,Alexis,Galarneau,R,19990302.0,CAN,180.0,Q108023685,Alexis Galarneau,ATP,ATP_200008
106099,Salvatore,Caruso,R,19921215.0,ITA,185.0,Q16941640,Salvatore Caruso,ATP,ATP_106099
106110,Filip,Horansky,R,19930107.0,SVK,175.0,Q5448480,Filip Horansky,ATP,ATP_106110
106109,Alex,Bolt,L,19930105.0,AUS,183.0,Q3462853,Alex Bolt,ATP,ATP_106109
106075,Jozef,Kovalik,R,19921104.0,SVK,183.0,Q12768184,Jozef Kovalik,ATP,ATP_106075
106072,Alexey,Vatutin,R,19921027.0,RUS,178.0,Q21623230,Alexey Vatutin,ATP,ATP_106072
106071,Bernard,Tomic,R,19921021.0,AUS,196.0,Q288326,Bernard Tomic,ATP,ATP_106071
106065,Marco,Cecchinato,R,19920930.0,ITA,185.0,Q13360044,Marco Cecchinato,ATP,ATP_106065
200031,Lucas,Catarina,R,19960826.0,MON,185.0,Q28648820,Lucas Catarina,ATP,ATP_200031
106058,Jack,Sock,R,19920924.0,USA,191.0,Q54663,Jack Sock,ATP,ATP_106058
106057,Facundo,Mena,R,19920922.0,ARG,183.0,Q21001023,Facundo Mena,ATP,ATP_106057
106078,Egor,Gerasimov,R,19921111.0,BLR,196.0,Q18549907,Egor Gerasimov,ATP,ATP_106078
106044,Nicolas,Kicker,R,19920816.0,ARG,178.0,Q19868533,Nicolas Kicker,ATP,ATP_106044
106043,Diego,Schwartzman,R,19920816.0,ARG,170.0,Q5274812,Diego Schwartzman,ATP,ATP_106043
106034,Yasutaka,Uchiyama,R,19920805.0,JPN,183.0,Q15660946,Yasutaka Uchiyama,ATP,ATP_106034
200059,Yibing,Wu,R,19991014.0,CHN,183.0,Q28137186,Yibing Wu,ATP,ATP_200059
106026,Yuki,Bhambri,R,19920704.0,IND,185.0,Q1391241,Yuki Bhambri,ATP,ATP_106026
106045,Denis,Kudla,R,19920817.0,USA,180.0,Q1187478,Denis Kudla,ATP,ATP_106045
106005,Constant,Lestienne,R,19920523.0,FRA,180.0,Q16300830,Constant Lestienne,ATP,ATP_106005
106000,Damir,Dzumhur,R,19920520.0,BIH,175.0,Q1158544,Damir Dzumhur,ATP,ATP_106000
200075,Yshai,Oliel,L,20000105.0,ISR,188.0,Q18670552,Yshai Oliel,ATP,ATP_200075
105992,Ryan,Harrison,R,19920507.0,USA,185.0,Q53563,Ryan Harrison,ATP,ATP_105992
105985,Darian,King,R,19920426.0,BAR,188.0,Q16941915,Darian King,ATP,ATP_105985
200095,Nicola,Kuhn,R,20000320.0,GER,185.0,Q30221465,Nicola Kuhn,ATP,ATP_200095
105967,Henri,Laaksonen,R,19920331.0,SUI,185.0,Q13185,Henri Laaksonen,ATP,ATP_105967
105952,Renzo,Olivo,R,19920315.0,ARG,178.0,Q2758092,Renzo Olivo,ATP,ATP_105952
105948,Federico,Coria,R,19920309.0,ARG,180.0,Q27306789,Federico Coria,ATP,ATP_105948
200116,Camilo,Ugo Carabelli,R,19990617.0,ARG,185.0,Q106207380,Camilo Ugo Carabelli,ATP,ATP_200116
105943,Federico,Gaio,R,19920305.0,ITA,178.0,Q16735393,Federico Gaio,ATP,ATP_105943
105938,Antoine,Escoffier,R,19920229.0,FRA,185.0,Q106300131,Antoine Escoffier,ATP,ATP_105938
105936,Filip,Krajinovic,R,19920227.0,SRB,185.0,Q178244,Filip Krajinovic,ATP,ATP_105936
105932,Nikoloz,Basilashvili,R,19920223.0,GEO,185.0,Q16297666,Nikoloz Basilashvili,ATP,ATP_105932
105916,Marton,Fucsovics,R,19920208.0,HUN,188.0,Q649333,Marton Fucsovics,ATP,ATP_105916
105911,Andrea,Collarini,L,19920131.0,ARG,183.0,Q4755022,Andrea Collarini,ATP,ATP_105911
105905,Danilo,Petrovic,R,19920124.0,SRB,203.0,Q23907381,Danilo Petrovic,ATP,ATP_105905
105933,Roberto,Quiroz,L,19920223.0,ECU,193.0,Q5405365,Roberto Quiroz,ATP,ATP_105933
200188,Matteo,Martineau,R,19990116.0,FRA,183.0,Q95246542,Matteo Martineau,ATP,ATP_200188
200175,Miomir,Kecmanovic,R,19990831.0,SRB,183.0,Q22005752,Miomir Kecmanovic,ATP,ATP_200175
109054,Daniel,Masur,R,19941106.0,GER,183.0,Q25915757,Daniel Masur,ATP,ATP_109054
105882,Stefano,Travaglia,R,19911228.0,ITA,185.0,Q3972751,Stefano Travaglia,ATP,ATP_105882
105877,Emilio,Gomez,R,19911128.0,ECU,185.0,Q14565694,Emilio Gomez,ATP,ATP_105877
105902,James,Duckworth,R,19920121.0,AUS,183.0,Q1336011,James Duckworth,ATP,ATP_105902
109303,Stefano,Napolitano,R,19950411.0,ITA,196.0,Q16676852,Stefano Napolitano,ATP,ATP_109303
200221,Alejandro,Davidovich Fokina,R,19990605.0,ESP,183.0,Q33084529,Alejandro Davidovich Fokina,ATP,ATP_200221
200218,Mate,Valkusz,R,19980813.0,HUN,183.0,Q22338780,Mate Valkusz,ATP,ATP_200218
105841,Lorenzo,Giustino,R,19910910.0,ITA,180.0,Q14755492,Lorenzo Giustino,ATP,ATP_105841
105870,Yannick,Hanfmann,R,19911113.0,GER,193.0,Q29628209,Yannick Hanfmann,ATP,ATP_105870
109686,Riccardo,Bonadio,R,19930713.0,ITA,180.0,Q31293913,Riccardo Bonadio,ATP,ATP_109686
109739,Maximilian,Marterer,L,19950615.0,GER,188.0,Q17364412,Maximilian Marterer,ATP,ATP_109739
109734,Skander,Mansouri,R,19950723.0,TUN,193.0,Q25016210,Skander Mansouri,ATP,ATP_109734
105819,Guido,Andreozzi,R,19910805.0,ARG,183.0,Q2316401,Guido Andreozzi,ATP,ATP_105819
105815,Tennys,Sandgren,R,19910722.0,USA,188.0,Q7700510,Tennys Sandgren,ATP,ATP_105815
105807,Pablo,Carreno Busta,R,19910712.0,ESP,188.0,Q7121592,Pablo Carreno Busta,ATP,ATP_105807
200247,Alexandar,Lazarov,R,19971106.0,BUL,191.0,Q23008009,Alexandar Lazarov,ATP,ATP_200247
200240,Vit,Kopriva,R,19970615.0,CZE,178.0,Q102423530,Vit Kopriva,ATP,ATP_200240
105777,Grigor,Dimitrov,R,19910516.0,BUL,191.0,Q337681,Grigor Dimitrov,ATP,ATP_105777
105806,Mirza,Basic,R,19910712.0,BIH,188.0,Q6874826,Mirza Basic,ATP,ATP_105806
105732,Pierre Hugues,Herbert,R,19910318.0,FRA,188.0,Q2093033,Pierre Hugues Herbert,ATP,ATP_105732
105731,Steven,Diez,R,19910317.0,CAN,175.0,Q13512839,Steven Diez,ATP,ATP_105731
105757,Sandro,Ehrat,R,19910418.0,SUI,180.0,Q1689243,Sandro Ehrat,ATP,ATP_105757
105723,Andrey,Kuznetsov,R,19910222.0,RUS,183.0,Q501662,Andrey Kuznetsov,ATP,ATP_105723
200282,Alex,De Minaur,R,19990217.0,AUS,183.0,Q22958938,Alex De Minaur,ATP,ATP_200282
200273,Hady,Habib,R,19980821.0,LIB,188.0,Q47749959,Hady Habib,ATP,ATP_200273
200267,Zizou,Bergs,R,19990603.0,BEL,185.0,Q100700157,Zizou Bergs,ATP,ATP_200267
200266,Javier,Barranco Cosano,L,19981117.0,ESP,180.0,Q106153467,Javier Barranco Cosano,ATP,ATP_200266
200265,Ulises,Blanch,R,19980325.0,USA,188.0,Q24450987,Ulises Blanch,ATP,ATP_200265
105683,Milos,Raonic,R,19901227.0,CAN,196.0,Q312343,Milos Raonic,ATP,ATP_105683
105657,Marius,Copil,R,19901017.0,ROU,191.0,Q523725,Marius Copil,ATP,ATP_105657
105655,Hiroki,Moriya,R,19901016.0,JPN,168.0,Q2418165,Hiroki Moriya,ATP,ATP_105655
105649,Cedrik Marcel,Stebe,L,19901009.0,GER,183.0,Q77169,Cedrik Marcel Stebe,ATP,ATP_105649
105676,David,Goffin,R,19901207.0,BEL,180.0,Q19406,David Goffin,ATP,ATP_105676
105643,Federico,Delbonis,L,19901005.0,ARG,193.0,Q367654,Federico Delbonis,ATP,ATP_105643
105641,Blaz,Rola,L,19901005.0,SLO,193.0,Q883242,Blaz Rola,ATP,ATP_105641
105633,Mohamed,Safwat,R,19900919.0,EGY,180.0,Q16608398,Mohamed Safwat,ATP,ATP_105633
105614,Bradley,Klahn,L,19900820.0,USA,183.0,Q772382,Bradley Klahn,ATP,ATP_105614
200307,Tao,Mu,R,20000428.0,CHN,180.0,Q60237911,Tao Mu,ATP,ATP_200307
200303,Pavel,Kotov,R,19981118.0,RUS,191.0,Q85322897,Pavel Kotov,ATP,ATP_200303
200325,Emil,Ruusuvuori,R,19990402.0,FIN,188.0,Q28493468,Emil Ruusuvuori,ATP,ATP_200325
200318,Yu Hsiou,Hsu,R,19990402.0,TPE,178.0,Q28534179,Yu Hsiou Hsu,ATP,ATP_200318
105613,Norbert,Gombos,R,19900813.0,SVK,193.0,Q15836985,Norbert Gombos,ATP,ATP_105613
105589,Gerald,Melzer,L,19900713.0,AUT,188.0,Q1509951,Gerald Melzer,ATP,ATP_105589
105583,Dusan,Lajovic,R,19900630.0,SRB,183.0,Q551295,Dusan Lajovic,ATP,ATP_105583
105577,Vasek,Pospisil,R,19900623.0,CAN,193.0,Q440531,Vasek Pospisil,ATP,ATP_105577
105575,Ricardas,Berankis,R,19900621.0,LTU,175.0,Q557827,Ricardas Berankis,ATP,ATP_105575
105561,Alessandro,Giannessi,L,19900530.0,ITA,185.0,Q304117,Alessandro Giannessi,ATP,ATP_105561
200336,Trent,Bryde,R,19990824.0,USA,183.0,Q107639000,Trent Bryde,ATP,ATP_200336
200335,Felipe,Meligeni Alves,R,19980219.0,BRA,185.0,Q26924390,Felipe Meligeni Alves,ATP,ATP_200335
105554,Daniel,Evans,R,19900523.0,GBR,175.0,Q4847264,Daniel Evans,ATP,ATP_105554
105550,Guido,Pella,L,19900517.0,ARG,183.0,Q336862,Guido Pella,ATP,ATP_105550
200374,Nicolas,Alvarez Varona,R,20010518.0,ESP,188.0,Q60238563,Nicolas Alvarez Varona,ATP,ATP_200374
105539,Evgeny,Donskoy,R,19900509.0,RUS,185.0,Q619669,Evgeny Donskoy,ATP,ATP_105539
105526,Jan Lennard,Struff,R,19900425.0,GER,193.0,Q1681537,Jan Lennard Struff,ATP,ATP_105526
200385,Dan,Added,R,19990413.0,FRA,183.0,Q67767005,Dan Added,ATP,ATP_200385
200384,Hugo,Gaston,L,20000926.0,FRA,173.0,Q47483451,Hugo Gaston,ATP,ATP_200384
105512,Alexander,Sarkissian,R,19900403.0,USA,191.0,Q20643204,Alexander Sarkissian,ATP,ATP_105512
200390,Kacper,Zuk,R,19990121.0,POL,183.0,Q81106204,Kacper Zuk,ATP,ATP_200390
105487,Facundo,Bagnis,L,19900227.0,ARG,183.0,Q1391764,Facundo Bagnis,ATP,ATP_105487
110536,Kevin,King,L,19910228.0,USA,191.0,Q15707484,Kevin King,ATP,ATP_110536
200416,August,Holmgren,R,19980422.0,DEN,188.0,Q55587289,August Holmgren,ATP,ATP_200416
105477,Marco,Trungelliti,R,19900131.0,ARG,178.0,Q3183203,Marco Trungelliti,ATP,ATP_105477
200436,Zsombor,Piros,R,19991013.0,HUN,180.0,Q28539570,Zsombor Piros,ATP,ATP_200436
105453,Kei,Nishikori,R,19891229.0,JPN,178.0,Q311222,Kei Nishikori,ATP,ATP_105453
110602,Dennis,Novak,R,19930828.0,AUT,183.0,Q16942082,Dennis Novak,ATP,ATP_110602
105449,Steve,Johnson,R,19891224.0,USA,188.0,Q53569,Steve Johnson,ATP,ATP_105449
100644,Alexander,Zverev,R,19970420.0,GER,198.0,Q13990552,Alexander Zverev,ATP,ATP_100644
105441,John Patrick,Smith,L,19890124.0,AUS,188.0,Q559777,John Patrick Smith,ATP,ATP_105441
105432,Prajnesh,Gunneswaran,L,19891112.0,IND,188.0,Q29210278,Prajnesh Gunneswaran,ATP,ATP_105432
105430,Radu,Albot,R,19891111.0,MDA,175.0,Q7281705,Radu Albot,ATP,ATP_105430
200484,Rudolf,Molleker,R,20001026.0,GER,188.0,Q33191522,Rudolf Molleker,ATP,ATP_200484
200473,Valentin,Vacherot,R,19981116.0,MON,193.0,Q107314093,Valentin Vacherot,ATP,ATP_200473
110748,Nikola,Milojevic,R,19950619.0,SRB,188.0,Q3597180,Nikola Milojevic,ATP,ATP_110748
105413,Andrej,Martin,R,19890920.0,SVK,183.0,Q2498702,Andrej Martin,ATP,ATP_105413
105406,Roberto,Marcora,R,19890830.0,ITA,193.0,Q17274692,Roberto Marcora,ATP,ATP_105406
110778,Joao,Menezes,R,19961217.0,BRA,185.0,Q23662473,Joao Menezes,ATP,ATP_110778
200516,Patrick,Kypson,R,19991028.0,USA,188.0,Q36511268,Patrick Kypson,ATP,ATP_200516
200514,Jurij,Rodionov,L,19990516.0,AUT,191.0,Q30148749,Jurij Rodionov,ATP,ATP_200514
105379,Aljaz,Bedene,R,19890718.0,SLO,181.0,Q1271168,Aljaz Bedene,ATP,ATP_105379
105376,Peter,Gojowczyk,R,19890715.0,GER,188.0,Q91615,Peter Gojowczyk,ATP,ATP_105376
105373,Martin,Klizan,L,19890711.0,SVK,191.0,Q19399,Martin Klizan,ATP,ATP_105373
105359,Jason,Jung,R,19890615.0,TPE,180.0,Q16300924,Jason Jung,ATP,ATP_105359
105357,John,Millman,R,19890614.0,AUS,183.0,Q2152388,John Millman,ATP,ATP_105357
105385,Donald,Young,L,19890723.0,USA,183.0,Q54694,Donald Young,ATP,ATP_105385
105341,Thomas,Fabbiano,R,19890526.0,ITA,173.0,Q3990614,Thomas Fabbiano,ATP,ATP_105341
105332,Benoit,Paire,R,19890508.0,FRA,196.0,Q246542,Benoit Paire,ATP,ATP_105332
200589,Sam,Riffice,R,19990301.0,USA,188.0,Q108285013,Sam Riffice,ATP,ATP_200589
200572,Nick,Hardt,R,20000920.0,DOM,185.0,Q28674172,Nick Hardt,ATP,ATP_200572
105311,Joao,Sousa,R,19890330.0,POR,185.0,Q1338865,Joao Sousa,ATP,ATP_105311
200615,Alexei,Popyrin,R,19990805.0,AUS,196.0,Q30143529,Alexei Popyrin,ATP,ATP_200615
200611,Elliot,Benchetrit,R,19981002.0,MAR,193.0,Q53633809,Elliot Benchetrit,ATP,ATP_200611
111153,Christopher,Eubanks,R,19960505.0,USA,201.0,Q24817523,Christopher Eubanks,ATP,ATP_111153
200624,Sebastian,Korda,R,20000705.0,USA,196.0,Q47500285,Sebastian Korda,ATP,ATP_200624
111190,Zhizhen,Zhang,R,19961016.0,CHN,193.0,Q21623382,Zhizhen Zhang,ATP,ATP_111190
111187,Kaichi,Uchida,R,19940823.0,JPN,180.0,Q16769804,Kaichi Uchida,ATP,ATP_111187
111200,Elias,Ymer,R,19960410.0,SWE,185.0,Q17405398,Elias Ymer,ATP,ATP_111200
200647,Sho,Shimabukuro,R,19970730.0,JPN,180.0,Q105776866,Sho Shimabukuro,ATP,ATP_200647
105227,Marin,Cilic,R,19880928.0,CRO,198.0,Q245241,Marin Cilic,ATP,ATP_105227
105226,Attila,Balazs,R,19880927.0,HUN,180.0,Q758074,Attila Balazs,ATP,ATP_105226
111436,Nick,Chappell,L,19920919.0,USA,178.0,Q66687183,Nick Chappell,ATP,ATP_111436
105216,Yuichi,Sugita,R,19880918.0,JPN,173.0,Q1358841,Yuichi Sugita,ATP,ATP_105216
105208,Ernests,Gulbis,R,19880830.0,LAT,190.0,Q295866,Ernests Gulbis,ATP,ATP_105208
200677,Rio,Noguchi,R,19981228.0,JPN,168.0,Q106362909,Rio Noguchi,ATP,ATP_200677
200670,J J,Wolf,R,19981221.0,USA,183.0,Q26799554,J J Wolf,ATP,ATP_200670
111454,Li,Tu,R,19960527.0,AUS,183.0,Q105620742,Li Tu,ATP,ATP_111454
111453,Mikael,Torpegaard,R,19940508.0,DEN,193.0,Q21067280,Mikael Torpegaard,ATP,ATP_111453
111442,Jordan,Thompson,R,19940420.0,AUS,183.0,Q16219277,Jordan Thompson,ATP,ATP_111442
111460,Quentin,Halys,R,19961026.0,FRA,191.0,Q18001228,Quentin Halys,ATP,ATP_111460
111459,Arjun,Kadhe,R,19940107.0,IND,185.0,Q47011392,Arjun Kadhe,ATP,ATP_111459
111456,Mackenzie,Mcdonald,R,19950416.0,USA,178.0,Q14657983,Mackenzie Mcdonald,ATP,ATP_111456
105223,Juan Martin,del Potro,R,19880923.0,ARG,198.0,Q180535,Juan Martin del Potro,ATP,ATP_105223
111515,Thai Son,Kwiatkowski,R,19950213.0,USA,188.0,Q30088058,Thai Son Kwiatkowski,ATP,ATP_111515
111513,Laslo,Djere,R,19950602.0,SRB,188.0,Q18098061,Laslo Djere,ATP,ATP_111513
111511,Noah,Rubin,R,19960221.0,USA,175.0,Q17581428,Noah Rubin,ATP,ATP_111511
111505,Enzo,Couacaud,R,19950301.0,FRA,183.0,Q15618609,Enzo Couacaud,ATP,ATP_111505
105180,Daniel,Dutra Da Silva,L,19880705.0,BRA,173.0,Q5217022,Daniel Dutra Da Silva,ATP,ATP_105180
111581,Michael,Mmoh,R,19980110.0,USA,188.0,Q17612636,Michael Mmoh,ATP,ATP_111581
111578,Stefan,Kozlov,R,19980201.0,USA,183.0,Q17364378,Stefan Kozlov,ATP,ATP_111578
111576,Sumit,Nagal,R,19970816.0,IND,178.0,Q20665358,Sumit Nagal,ATP,ATP_111576
111575,Karen,Khachanov,R,19960521.0,RUS,198.0,Q16568576,Karen Khachanov,ATP,ATP_111575
111574,Jc,Aragone,R,19950628.0,USA,178.0,Q37996686,Jc Aragone,ATP,ATP_111574
105173,Adrian,Mannarino,L,19880629.0,FRA,180.0,Q373522,Adrian Mannarino,ATP,ATP_105173
200711,Nicolas,Mejia,R,20000211.0,COL,183.0,Q56728052,Nicolas Mejia,ATP,ATP_200711
111761,Benjamin,Lock,R,19930304.0,ZIM,198.0,Q19664030,Benjamin Lock,ATP,ATP_111761
111790,Brayden,Schnur,R,19950704.0,CAN,193.0,Q17478269,Brayden Schnur,ATP,ATP_111790
105155,Pedro,Sousa,R,19880527.0,POR,180.0,Q2498113,Pedro Sousa,ATP,ATP_105155
105147,Tatsuma,Ito,R,19880518.0,JPN,180.0,Q708345,Tatsuma Ito,ATP,ATP_105147
111806,Fajing,Sun,R,19961003.0,CHN,178.0,Q26251497,Fajing Sun,ATP,ATP_111806
105138,Roberto,Bautista Agut,R,19880414.0,ESP,183.0,Q966542,Roberto Bautista Agut,ATP,ATP_105138
111805,Seong Chan,Hong,R,19970630.0,KOR,175.0,Q18921918,Seong Chan Hong,ATP,ATP_111805
111797,Nicolas,Jarry,R,19951011.0,CHI,201.0,Q16466282,Nicolas Jarry,ATP,ATP_111797
111794,Kamil,Majchrzak,R,19960113.0,POL,180.0,Q14840592,Kamil Majchrzak,ATP,ATP_111794
111815,Cameron,Norrie,L,19950823.0,GBR,188.0,Q23668736,Cameron Norrie,ATP,ATP_111815
105077,Albert,Ramos,L,19880117.0,ESP,188.0,Q459158,Albert Ramos,ATP,ATP_105077
105064,Thomaz,Bellucci,L,19871230.0,BRA,188.0,Q312345,Thomaz Bellucci,ATP,ATP_105064
105051,Matthew,Ebden,R,19871126.0,AUS,188.0,Q515677,Matthew Ebden,ATP,ATP_105051
105041,Lukas,Lacko,R,19871103.0,SVK,185.0,Q440514,Lukas Lacko,ATP,ATP_105041
202065,Petros,Tsitsipas,R,20000727.0,GRE,185.0,Q47508196,Petros Tsitsipas,ATP,ATP_202065
202058,Thiago Agustin,Tirante,R,20010410.0,ARG,185.0,Q64747475,Thiago Agustin Tirante,ATP,ATP_202058
105063,Andrea,Arnaboldi,L,19871227.0,ITA,180.0,Q1112775,Andrea Arnaboldi,ATP,ATP_105063
105062,Mikhail,Kukushkin,R,19871226.0,KAZ,183.0,Q459166,Mikhail Kukushkin,ATP,ATP_105062
105023,Sam,Querrey,R,19871007.0,USA,198.0,Q54538,Sam Querrey,ATP,ATP_105023
202104,Sebastian,Baez,R,20001228.0,ARG,170.0,Q47396310,Sebastian Baez,ATP,ATP_202104
202103,Francisco,Cerundolo,R,19980813.0,ARG,185.0,Q61709770,Francisco Cerundolo,ATP,ATP_202103
202090,Adrian,Andreev,R,20010512.0,BUL,175.0,Q47536566,Adrian Andreev,ATP,ATP_202090
105011,Illya,Marchenko,R,19870908.0,UKR,185.0,Q715773,Illya Marchenko,ATP,ATP_105011
202127,Clement,Tabur,R,20000124.0,FRA,173.0,Q47496123,Clement Tabur,ATP,ATP_202127
202122,Yuta,Shimizu,L,19990609.0,JPN,163.0,Q105776850,Yuta Shimizu,ATP,ATP_202122
104999,Mischa,Zverev,L,19870822.0,GER,190.0,Q60289,Mischa Zverev,ATP,ATP_104999
105030,Michael,Venus,R,19871016.0,NZL,191.0,Q6835083,Michael Venus,ATP,ATP_105030
104947,Marsel,Ilhan,R,19870611.0,TUR,191.0,Q369878,Marsel Ilhan,ATP,ATP_104947
104926,Fabio,Fognini,R,19870524.0,ITA,178.0,Q251980,Fabio Fognini,ATP,ATP_104926
104925,Novak,Djokovic,R,19870522.0,SRB,188.0,Q5812,Novak Djokovic,ATP,ATP_104925
104919,Leonardo,Mayer,R,19870515.0,ARG,188.0,Q33249,Leonardo Mayer,ATP,ATP_104919
104918,Andy,Murray,R,19870515.0,GBR,191.0,Q10125,Andy Murray,ATP,ATP_104918
104905,Nicolas,Barrientos,R,19870424.0,COL,175.0,Q6042102,Nicolas Barrientos,ATP,ATP_104905
104898,Robin,Haase,R,19870406.0,NED,191.0,Q441037,Robin Haase,ATP,ATP_104898
104897,Matthias,Bachinger,R,19870402.0,GER,188.0,Q77164,Matthias Bachinger,ATP,ATP_104897
202197,Carlos,Gimeno Valero,R,20010625.0,ESP,191.0,Q105810166,Carlos Gimeno Valero,ATP,ATP_202197
202195,Maxime,Cressy,R,19970508.0,USA,201.0,Q60582900,Maxime Cressy,ATP,ATP_202195
104871,Jeremy,Chardy,R,19870212.0,FRA,188.0,Q176577,Jeremy Chardy,ATP,ATP_104871
104868,James,Ward,R,19870209.0,GBR,190.0,Q959602,James Ward,ATP,ATP_104868
210220,Edas,Butvilas,R,20040723.0,LTU,191.0,Q107484127,Edas Butvilas,ATP,ATP_210220
202235,Jacopo,Berrettini,R,19981127.0,ITA,193.0,Q106398314,Jacopo Berrettini,ATP,ATP_202235
104810,Zhe,Li,R,19860920.0,CHN,183.0,Q8994318,Zhe Li,ATP,ATP_104810
210150,Jakub,Mensik,R,20050901.0,CZE,193.0,Q102228055,Jakub Mensik,ATP,ATP_210150
202262,Filip Cristian,Jianu,R,20010918.0,ROU,180.0,Q60237968,Filip Cristian Jianu,ATP,ATP_202262
202261,Otto,Virtanen,R,20010621.0,FIN,193.0,Q55641350,Otto Virtanen,ATP,ATP_202261
104797,Denis,Istomin,R,19860907.0,UZB,185.0,Q317961,Denis Istomin,ATP,ATP_104797
104792,Gael,Monfils,R,19860901.0,FRA,193.0,Q186429,Gael Monfils,ATP,ATP_104792
104745,Rafael,Nadal,L,19860603.0,ESP,185.0,Q10132,Rafael Nadal,ATP,ATP_104745
210097,Ben,Shelton,L,20021009.0,USA,193.0,Q108532383,Ben Shelton,ATP,ATP_210097
104731,Kevin,Anderson,R,19860518.0,RSA,203.0,Q299956,Kevin Anderson,ATP,ATP_104731
104755,Richard,Gasquet,R,19860618.0,FRA,183.0,Q209436,Richard Gasquet,ATP,ATP_104755
104678,Viktor,Troicki,R,19860210.0,SRB,193.0,Q148225,Viktor Troicki,ATP,ATP_104678
104665,Pablo,Andujar,R,19860123.0,ESP,180.0,Q373571,Pablo Andujar,ATP,ATP_104665
104660,Sergiy,Stakhovsky,R,19860106.0,UKR,193.0,Q211636,Sergiy Stakhovsky,ATP,ATP_104660
104655,Pablo,Cuevas,R,19860101.0,URU,180.0,Q358651,Pablo Cuevas,ATP,ATP_104655
210053,Luka,Mikrut,R,20040416.0,CRO,188.0,Q106102090,Luka Mikrut,ATP,ATP_210053
104586,Lukas,Rosol,R,19850724.0,CZE,193.0,Q29059,Lukas Rosol,ATP,ATP_104586
202358,Chun Hsin,Tseng,R,20010808.0,TPE,175.0,Q47516746,Chun Hsin Tseng,ATP,ATP_202358
104542,Jo-Wilfried,Tsonga,R,19850417.0,FRA,188.0,Q192661,Jo-Wilfried Tsonga,ATP,ATP_104542
202400,Alastair,Gray,R,19980622.0,GBR,193.0,Q65587040,Alastair Gray,ATP,ATP_202400
202398,Michael,Vrbensky,R,19991226.0,CZE,180.0,Q61455025,Michael Vrbensky,ATP,ATP_202398
202385,Jenson,Brooksby,R,20001026.0,USA,188.0,Q56073233,Jenson Brooksby,ATP,ATP_202385
104527,Stan,Wawrinka,R,19850328.0,SUI,183.0,Q193661,Stan Wawrinka,ATP,ATP_104527
104545,John,Isner,R,19850426.0,USA,208.0,Q53566,John Isner,ATP,ATP_104545
209976,Dino,Prizmic,R,20050805.0,CRO,188.0,Q106102103,Dino Prizmic,ATP,ATP_209976
104468,Gilles,Simon,R,19841227.0,FRA,183.0,Q212833,Gilles Simon,ATP,ATP_104468
209957,Jack,Pinnington Jones,R,20030330.0,GBR,180.0,Q106122397,Jack Pinnington Jones,ATP,ATP_209957
209950,Arthur,Fils,R,20040612.0,FRA,185.0,Q107207693,Arthur Fils,ATP,ATP_209950
104460,Dustin,Brown,R,19841208.0,JAM,196.0,Q77159,Dustin Brown,ATP,ATP_104460
104424,Go,Soeda,R,19840905.0,JPN,178.0,Q373544,Go Soeda,ATP,ATP_104424
209916,Marko,Topo,R,20030913.0,GER,185.0,Q106949539,Marko Topo,ATP,ATP_209916
209903,Lukas,Neumayer,R,20020906.0,AUT,183.0,Q107641373,Lukas Neumayer,ATP,ATP_209903
209890,Mili,Poljicak,R,20040713.0,CRO,185.0,Q107608377,Mili Poljicak,ATP,ATP_209890
209863,Leo,Borg,R,20030515.0,SWE,183.0,Q97499980,Leo Borg,ATP,ATP_209863
209857,Leandro,Riedi,R,20020127.0,SUI,191.0,Q84079908,Leandro Riedi,ATP,ATP_209857
104312,Andreas,Seppi,R,19840221.0,ITA,190.0,Q319572,Andreas Seppi,ATP,ATP_104312
144985,Ergi,Kirkin,R,19990127.0,TUR,180.0,Q55238102,Ergi Kirkin,ATP,ATP_144985
145001,Evan,Furness,R,19980813.0,FRA,173.0,Q53916372,Evan Furness,ATP,ATP_145001
104291,Malek,Jaziri,R,19840120.0,TUN,185.0,Q440477,Malek Jaziri,ATP,ATP_104291
144972,Geoffrey,Blancaneaux,R,19980808.0,FRA,180.0,Q24328517,Geoffrey Blancaneaux,ATP,ATP_144972
209414,Luca,Van Assche,R,20040511.0,FRA,178.0,Q107205896,Luca Van Assche,ATP,ATP_209414
104269,Fernando,Verdasco,L,19831115.0,ESP,188.0,Q191740,Fernando Verdasco,ATP,ATP_104269
104259,Philipp,Kohlschreiber,R,19831016.0,GER,178.0,Q77149,Philipp Kohlschreiber,ATP,ATP_104259
209409,Coleman,Wong,R,20040606.0,HKG,191.0,Q108498952,Coleman Wong,ATP,ATP_209409
209406,Abedallah,Shelbayh,L,20031116.0,JOR,180.0,Q102246554,Abedallah Shelbayh,ATP,ATP_209406
209405,Daniel,Rincon,L,20030107.0,ESP,185.0,Q108517831,Daniel Rincon,ATP,ATP_209405
104229,Yen Hsun,Lu,R,19830814.0,TPE,180.0,Q313144,Yen Hsun Lu,ATP,ATP_104229
144923,Louis,Wessels,R,19980827.0,GER,198.0,Q25841115,Louis Wessels,ATP,ATP_144923
144869,Tomas Martin,Etcheverry,R,19990718.0,ARG,196.0,Q104728520,Tomas Martin Etcheverry,ATP,ATP_144869
144895,Corentin,Moutet,L,19990419.0,FRA,180.0,Q30078104,Corentin Moutet,ATP,ATP_144895
144826,Aziz,Dougaz,L,19970326.0,TUN,188.0,Q28674131,Aziz Dougaz,ATP,ATP_144826
144817,Marc Andrea,Huesler,L,19960624.0,SUI,196.0,Q42310179,Marc Andrea Huesler,ATP,ATP_144817
209284,Elmer,Moller,R,20030709.0,DEN,183.0,Q60416655,Elmer Moller,ATP,ATP_209284
144751,Rigele,Te,R,19971009.0,CHN,188.0,Q18552831,Rigele Te,ATP,ATP_144751
144750,Lloyd,Harris,R,19970224.0,RSA,193.0,Q23039257,Lloyd Harris,ATP,ATP_144750
209262,Tristan,Schoolkate,R,20010226.0,AUS,183.0,Q105138828,Tristan Schoolkate,ATP,ATP_209262
209259,Arthur,Fery,R,20020712.0,GBR,175.0,Q107406917,Arthur Fery,ATP,ATP_209259
144707,Mikael,Ymer,R,19980909.0,SWE,183.0,Q20788534,Mikael Ymer,ATP,ATP_144707
209226,Adolfo Daniel,Vallejo,R,20040428.0,PAR,183.0,Q107493222,Adolfo Daniel Vallejo,ATP,ATP_209226
144656,Corentin,Denolly,L,19970606.0,FRA,188.0,Q20630921,Corentin Denolly,ATP,ATP_144656
144684,Alex,Molcan,L,19971201.0,SVK,178.0,Q73247665,Alex Molcan,ATP,ATP_144684
144719,Jaume,Munar,R,19970505.0,ESP,183.0,Q17274717,Jaume Munar,ATP,ATP_144719
209147,Vilius,Gaubas,R,20041229.0,LTU,178.0,Q108600827,Vilius Gaubas,ATP,ATP_209147
144652,William,Blumberg,R,19980126.0,USA,188.0,Q38050995,William Blumberg,ATP,ATP_144652
144645,Zdenek,Kolar,R,19961009.0,CZE,183.0,Q23678982,Zdenek Kolar,ATP,ATP_144645
144642,Tomas,Barrios Vera,R,19971210.0,CHI,191.0,Q28674037,Tomas Barrios Vera,ATP,ATP_144642
209098,Hamad,Medjedovic,R,20030718.0,SRB,188.0,Q106962940,Hamad Medjedovic,ATP,ATP_209098
209070,Arthur,Cazaux,R,20020823.0,FRA,183.0,Q85626140,Arthur Cazaux,ATP,ATP_209070
208937,Kasidit,Samrej,R,20010120.0,THA,191.0,Q82292829,Kasidit Samrej,ATP,ATP_208937
136440,Dominik,Koepfer,L,19940429.0,GER,180.0,Q37535155,Dominik Koepfer,ATP,ATP_136440
103990,Tommy,Robredo,R,19820501.0,ESP,180.0,Q213199,Tommy Robredo,ATP,ATP_103990
134770,Casper,Ruud,R,19981222.0,NOR,183.0,Q18810082,Casper Ruud,ATP,ATP_134770
134840,Raul,Brancaccio,R,19970504.0,ITA,185.0,Q59260557,Raul Brancaccio,ATP,ATP_134840
134868,Tallon,Griekspoor,R,19960702.0,NED,188.0,Q28777443,Tallon Griekspoor,ATP,ATP_134868
134472,Antoine,Bellier,L,19961018.0,SUI,196.0,Q25999878,Antoine Bellier,ATP,ATP_134472
208859,Francesco,Passaro,R,20010107.0,ITA,180.0,Q106981813,Francesco Passaro,ATP,ATP_208859
208843,Jerome,Kym,R,20030212.0,SUI,198.0,Q61415282,Jerome Kym,ATP,ATP_208843
133975,Benjamin,Hassan,R,19950204.0,LBN,183.0,Q47543757,Benjamin Hassan,ATP,ATP_133975
103893,Paolo,Lorenzi,R,19811215.0,ITA,183.0,Q708313,Paolo Lorenzi,ATP,ATP_103893
208659,Giovanni,Mpetshi Perricard,R,20030708.0,FRA,203.0,Q107207704,Giovanni Mpetshi Perricard,ATP,ATP_208659
103852,Feliciano,Lopez,L,19810920.0,ESP,188.0,Q223695,Feliciano Lopez,ATP,ATP_103852
133430,Denis,Shapovalov,L,19990415.0,CAN,185.0,Q20979382,Denis Shapovalov,ATP,ATP_133430
103819,Roger,Federer,R,19810808.0,SUI,185.0,Q1426,Roger Federer,ATP,ATP_103819
133297,Yosuke,Watanuki,R,19980412.0,JPN,180.0,Q23771664,Yosuke Watanuki,ATP,ATP_133297
133018,Michail,Pervolarakis,R,19960606.0,GRE,193.0,Q67276374,Michail Pervolarakis,ATP,ATP_133018
132686,Nuno,Borges,R,19970219.0,POR,185.0,Q106238976,Nuno Borges,ATP,ATP_132686
208278,Shintaro,Mochizuki,R,20030602.0,JPN,175.0,Q65557249,Shintaro Mochizuki,ATP,ATP_208278
208260,Zachary,Svajda,R,20021129.0,USA,175.0,Q66391780,Zachary Svajda,ATP,ATP_208260
208230,Alibek,Kachmazov,R,20020817.0,RUS,185.0,Q71077516,Alibek Kachmazov,ATP,ATP_208230
132283,Lorenzo,Sonego,R,19950511.0,ITA,191.0,Q24061220,Lorenzo Sonego,ATP,ATP_132283
208134,Luca,Nardi,R,20030806.0,ITA,185.0,Q100774937,Luca Nardi,ATP,ATP_208134
102093,Martin,Damm,L,20030930.0,USA,203.0,Q381173,Martin Damm,ATP,ATP_102093
208119,Liam,Draxl,R,20011205.0,CAN,185.0,Q107739601,Liam Draxl,ATP,ATP_208119
208118,Eliot,Spizzirri,R,20011223.0,USA,183.0,Q67186609,Eliot Spizzirri,ATP,ATP_208118
131905,Manuel,Guinard,R,19951115.0,FRA,198.0,Q64167707,Manuel Guinard,ATP,ATP_131905
131934,Andrea,Vavassori,R,19950505.0,ITA,193.0,Q43677815,Andrea Vavassori,ATP,ATP_131934
208103,Jiri,Lehecka,R,20011108.0,CZE,185.0,Q61415365,Jiri Lehecka,ATP,ATP_208103
103565,Stephane,Robert,R,19800517.0,FRA,185.0,Q552542,Stephane Robert,ATP,ATP_103565
128034,Hubert,Hurkacz,R,19970211.0,POL,196.0,Q18927958,Hubert Hurkacz,ATP,ATP_128034
208021,Kyrian,Jacquet,R,20010511.0,FRA,178.0,Q99670362,Kyrian Jacquet,ATP,ATP_208021
208014,Rinky,Hijikata,R,20010223.0,AUS,178.0,Q60227425,Rinky Hijikata,ATP,ATP_208014
208013,Dane,Sweeny,R,20010212.0,AUS,170.0,Q105140724,Dane Sweeny,ATP,ATP_208013
127760,Lukas,Klein,R,19980322.0,SVK,193.0,Q105477017,Lukas Klein,ATP,ATP_127760
208004,Harold,Mayot,R,20020204.0,FRA,180.0,Q81219097,Harold Mayot,ATP,ATP_208004
207989,Carlos,Alcaraz,R,20030505.0,ESP,183.0,Q85518537,Carlos Alcaraz,ATP,ATP_207989
127157,Daniel,Altmaier,R,19980912.0,GER,188.0,Q30005211,Daniel Altmaier,ATP,ATP_127157
127339,Borna,Gojo,R,19980227.0,CRO,196.0,Q56223431,Borna Gojo,ATP,ATP_127339
207925,Flavio,Cobolli,R,20020506.0,ITA,183.0,Q64347071,Flavio Cobolli,ATP,ATP_207925
207830,Tomas,Machac,R,20001013.0,CZE,183.0,Q61594997,Tomas Machac,ATP,ATP_207830
127123,Mateus,Alves,R,20010123.0,BRA,193.0,Q61782321,Mateus Alves,ATP,ATP_127123
126952,Soon Woo,Kwon,R,19971202.0,KOR,180.0,Q28673930,Soon Woo Kwon,ATP,ATP_126952
126964,Vitaliy,Sachko,R,19970714.0,UKR,188.0,Q100906819,Vitaliy Sachko,ATP,ATP_126964
207799,Matheus,Pucinelli De Almeida,R,20010401.0,BRA,183.0,Q64746203,Matheus Pucinelli De Almeida,ATP,ATP_207799
207797,Jonas,Forejtek,R,20010310.0,CZE,183.0,Q60980388,Jonas Forejtek,ATP,ATP_207797
126774,Stefanos,Tsitsipas,R,19980812.0,GRE,193.0,Q24450982,Stefanos Tsitsipas,ATP,ATP_126774
126846,Aleksandar,Vukic,R,19960406.0,AUS,188.0,Q47090843,Aleksandar Vukic,ATP,ATP_126846
126845,Max,Purcell,R,19980403.0,AUS,185.0,Q26130049,Max Purcell,ATP,ATP_126845
207733,Jack,Draper,L,20011222.0,GBR,193.0,Q65030599,Jack Draper,ATP,ATP_207733
207729,Tristan,Boyer,R,20010421.0,USA,188.0,Q60237583,Tristan Boyer,ATP,ATP_207729
207680,Facundo,Diaz Acosta,L,20001215.0,ARG,183.0,Q57268922,Facundo Diaz Acosta,ATP,ATP_207680
207678,Juan Manuel,Cerundolo,L,20011115.0,ARG,183.0,Q105636111,Juan Manuel Cerundolo,ATP,ATP_207678
126652,Jay,Clarke,R,19980727.0,GBR,183.0,Q30612606,Jay Clarke,ATP,ATP_126652
126646,Tim,Van Rijthoven,R,19970424.0,NED,188.0,Q21067406,Tim Van Rijthoven,ATP,ATP_126646
126663,Juan Pablo,Ficovich,R,19970124.0,ARG,191.0,Q84251799,Juan Pablo Ficovich,ATP,ATP_126663
126623,Alexander,Erler,R,19971027.0,AUT,193.0,Q25003614,Alexander Erler,ATP,ATP_126623
126610,Matteo,Berrettini,R,19960412.0,ITA,196.0,Q29918446,Matteo Berrettini,ATP,ATP_126610
126627,Johan,Nikles,R,19970323.0,SUI,173.0,Q25999876,Johan Nikles,ATP,ATP_126627
207663,Nikolas,Sanchez Izquierdo,R,19990315.0,ESP,185.0,Q106211478,Nikolas Sanchez Izquierdo,ATP,ATP_207663
126535,Carlos,Taberner,R,19970808.0,ESP,183.0,Q23678987,Carlos Taberner,ATP,ATP_126535
126533,Alvaro,Lopez San Martin,R,19970602.0,ESP,178.0,Q20651281,Alvaro Lopez San Martin,ATP,ATP_126533
126555,Tung Lin,Wu,R,19980512.0,TPE,188.0,Q39842892,Tung Lin Wu,ATP,ATP_126555
126573,Thomas,Fancutt,R,19950225.0,AUS,188.0,Q105219401,Thomas Fancutt,ATP,ATP_126573
207608,Timofey,Skatov,R,20010121.0,KAZ,175.0,Q47013799,Timofey Skatov,ATP,ATP_207608
126504,Andrea,Pellegrino,R,19970323.0,ITA,185.0,Q55363920,Andrea Pellegrino,ATP,ATP_126504
126523,Bernabe,Zapata Miralles,R,19970112.0,ESP,183.0,Q53871081,Bernabe Zapata Miralles,ATP,ATP_126523
207518,Lorenzo,Musetti,R,20020303.0,ITA,185.0,Q54813043,Lorenzo Musetti,ATP,ATP_207518
103333,Ivo,Karlovic,R,19790228.0,CRO,208.0,Q295483,Ivo Karlovic,ATP,ATP_103333
207494,Dalibor,Svrcina,R,20021002.0,CZE,178.0,Q60238030,Dalibor Svrcina,ATP,ATP_207494
126340,Viktor,Durasovic,R,19970319.0,NOR,185.0,Q21005698,Viktor Durasovic,ATP,ATP_126340
126409,Hugo,Grenier,R,19960323.0,FRA,196.0,Q104682253,Hugo Grenier,ATP,ATP_126409
207411,Jesper,De Jong,R,20000531.0,NED,180.0,Q60239470,Jesper De Jong,ATP,ATP_207411
126239,Arthur,Rinderknech,R,19950723.0,FRA,196.0,Q54007388,Arthur Rinderknech,ATP,ATP_126239
126237,Gian Marco,Moroni,R,19980213.0,ITA,185.0,Q59330301,Gian Marco Moroni,ATP,ATP_126237
126283,Yunseong,Chung,R,19980327.0,KOR,178.0,Q23771665,Yunseong Chung,ATP,ATP_126283
126207,Frances,Tiafoe,R,19980120.0,USA,188.0,Q17305299,Frances Tiafoe,ATP,ATP_126207
126206,Alex,Rybakov,L,19970127.0,USA,185.0,Q23678985,Alex Rybakov,ATP,ATP_126206
126205,Tommy,Paul,R,19970517.0,USA,185.0,Q20050871,Tommy Paul,ATP,ATP_126205
126204,Gerardo,Lopez Villasenor,R,19950512.0,MEX,191.0,Q25915746,Gerardo Lopez Villasenor,ATP,ATP_126204
126203,Taylor,Fritz,R,19971028.0,USA,196.0,Q17660516,Taylor Fritz,ATP,ATP_126203
126214,Alejandro,Tabilo,L,19970602.0,CHI,188.0,Q65159701,Alejandro Tabilo,ATP,ATP_126214
207213,Duje,Ajdukovic,R,20010205.0,CRO,188.0,Q106147194,Duje Ajdukovic,ATP,ATP_207213
126185,Evgenii,Tiurnev,R,19970408.0,RUS,191.0,Q40214925,Evgenii Tiurnev,ATP,ATP_126185
207182,Emilio,Nava,R,20011202.0,USA,185.0,Q60990844,Emilio Nava,ATP,ATP_207182
126128,Roman,Safiullin,R,19970807.0,RUS,185.0,Q18637944,Roman Safiullin,ATP,ATP_126128
126156,Antoine,Hoang,R,19951104.0,FRA,183.0,Q49562573,Antoine Hoang,ATP,ATP_126156
126149,Gianluca,Mager,R,19941201.0,ITA,188.0,Q29918444,Gianluca Mager,ATP,ATP_126149
126127,Benjamin,Bonzi,R,19960609.0,FRA,183.0,Q18125349,Benjamin Bonzi,ATP,ATP_126127
126125,Maxime,Janvier,R,19961018.0,FRA,196.0,Q27329995,Maxime Janvier,ATP,ATP_126125
126120,Nino,Serdarusic,R,19961213.0,CRO,191.0,Q18127899,Nino Serdarusic,ATP,ATP_126120
126107,Michael,Geerts,R,19950117.0,BEL,178.0,Q100596799,Michael Geerts,ATP,ATP_126107
126106,Ryan,Peniston,L,19951110.0,GBR,180.0,Q100906747,Ryan Peniston,ATP,ATP_126106
125842,Adam,Moundir,R,19950426.0,MAR,191.0,Q62808065,Adam Moundir,ATP,ATP_125842
126094,Andrey,Rublev,R,19971020.0,RUS,188.0,Q17373391,Andrey Rublev,ATP,ATP_126094
125802,Ilya,Ivashka,R,19940224.0,BLR,193.0,Q23039320,Ilya Ivashka,ATP,ATP_125802
206909,Brandon,Nakashima,R,20010803.0,USA,188.0,Q60676610,Brandon Nakashima,ATP,ATP_206909
206748,Giulio,Zeppieri,L,20011207.0,ITA,183.0,Q56526313,Giulio Zeppieri,ATP,ATP_206748
206703,Paul,Jubb,R,19991031.0,GBR,180.0,Q64746573,Paul Jubb,ATP,ATP_206703
206499,Aleksandar,Kovacevic,R,19980829.0,USA,183.0,Q108523625,Aleksandar Kovacevic,ATP,ATP_206499
206173,Jannik,Sinner,R,20010816.0,ITA,191.0,Q54812588,Jannik Sinner,ATP,ATP_206173
124116,Sebastian,Ofner,R,19960512.0,AUT,191.0,Q31171456,Sebastian Ofner,ATP,ATP_124116
124154,Sasi Kumar,Mukund,R,19970114.0,IND,185.0,Q84358193,Sasi Kumar Mukund,ATP,ATP_124154
124187,Reilly,Opelka,R,19970828.0,USA,211.0,Q20655502,Reilly Opelka,ATP,ATP_124187
124186,Alexandre,Muller,R,19970201.0,FRA,183.0,Q29960092,Alexandre Muller,ATP,ATP_124186
124079,Pedro,Martinez,R,19970426.0,ESP,185.0,Q52063672,Pedro Martinez,ATP,ATP_124079
124014,Ernesto,Escobedo,R,19960704.0,MEX,185.0,Q17626628,Ernesto Escobedo,ATP,ATP_124014
124013,Eduardo,Nava,R,19970311.0,USA,180.0,Q108395086,Eduardo Nava,ATP,ATP_124013
123828,Jan,Choinski,R,19960610.0,GBR,196.0,Q24328305,Jan Choinski,ATP,ATP_123828
123896,Matija,Pecotic,L,19890703.0,CRO,185.0,Q106206782,Matija Pecotic,ATP,ATP_123896
123921,Calvin,Hemery,R,19950128.0,FRA,191.0,Q20740948,Calvin Hemery,ATP,ATP_123921
123755,Daniel Elahi,Galan,R,19960618.0,COL,191.0,Q20740881,Daniel Elahi Galan,ATP,ATP_123755
123795,Altug,Celikbilek,R,19960907.0,TUR,183.0,Q25477819,Altug Celikbilek,ATP,ATP_123795
123809,Ivan,Gakhov,L,19961104.0,RUS,191.0,Q55183492,Ivan Gakhov,ATP,ATP_123809
122669,Juan Pablo,Varillas,R,19951006.0,PER,185.0,Q23039577,Juan Pablo Varillas,ATP,ATP_122669
205734,Thiago,Seyboth Wild,R,20000310.0,BRA,185.0,Q50198692,Thiago Seyboth Wild,ATP,ATP_205734
122548,Edan,Leshem,R,19970319.0,ISR,183.0,Q19668502,Edan Leshem,ATP,ATP_122548
122298,Botic,Van De Zandschulp,R,19951004.0,NED,191.0,Q28038578,Botic Van De Zandschulp,ATP,ATP_122298
122330,Alexander,Bublik,R,19970617.0,KAZ,196.0,Q23678983,Alexander Bublik,ATP,ATP_122330
117358,Harry,Bourchier,R,19960124.0,AUS,185.0,Q105195500,Harry Bourchier,ATP,ATP_117358
117357,Omar,Jasika,L,19970518.0,AUS,183.0,Q18001365,Omar Jasika,ATP,ATP_117357
117356,Cem,Ilkel,R,19950821.0,TUR,185.0,Q19560809,Cem Ilkel,ATP,ATP_117356
117360,Marc,Polmans,R,19970502.0,AUS,188.0,Q19059583,Marc Polmans,ATP,ATP_117360
122078,Dmitry,Popko,R,19961024.0,KAZ,191.0,Q23678986,Dmitry Popko,ATP,ATP_122078
120424,Yannick,Maden,R,19891028.0,GER,185.0,Q27663343,Yannick Maden,ATP,ATP_120424
121531,Mats,Moraing,L,19920620.0,GER,198.0,Q47472512,Mats Moraing,ATP,ATP_121531
121411,Moez,Echargui,R,19930110.0,TUN,178.0,Q29110073,Moez Echargui,ATP,ATP_121411
106328,Christian,Harrison,R,19940529.0,USA,180.0,Q2167386,Christian Harrison,ATP,ATP_106328
106310,Alexander,Ritschard,R,19940324.0,SUI,193.0,Q15782265,Alexander Ritschard,ATP,ATP_106310
106362,Laurent,Lokoli,R,19941018.0,FRA,188.0,Q16935087,Laurent Lokoli,ATP,ATP_106362
122554,David,Jorda Sanchis,R,19940614.0,ESP,198.0,,David Jorda Sanchis,ATP,ATP_122554
122570,Mubarak Shannan,Zayid,R,19950414.0,QAT,,Q24505177,Mubarak Shannan Zayid,ATP,ATP_122570
206307,Joao Lucas,Reis Da Silva,R,20000326.0,BRA,178.0,,Joao Lucas Reis Da Silva,ATP,ATP_206307
206589,Gabi Adrian,Boitan,R,19990711.0,ROU,185.0,,Gabi Adrian Boitan,ATP,ATP_206589
206681,Fabian,Marozsan,R,19991008.0,HUN,193.0,,Fabian Marozsan,ATP,ATP_206681
206904,Gauthier,Onclin,R,20010226.0,BEL,180.0,,Gauthier Onclin,ATP,ATP_206904
206889,Clement,Chidekh,R,20010613.0,FRA,180.0,,Clement Chidekh,ATP,ATP_206889
126129,Billy,Harris,R,19950125.0,GBR,193.0,,Billy Harris,ATP,ATP_126129
207130,Matias,Soto,R,19990427.0,CHI,170.0,,Matias Soto,ATP,ATP_207130
126177,Strong,Kirchheimer,R,19950426.0,USA,185.0,,Strong Kirchheimer,ATP,ATP_126177
207181,Govind,Nanda,R,20010217.0,USA,178.0,,Govind Nanda,ATP,ATP_207181
207220,Taha,Baadi,R,20010719.0,CAN,183.0,,Taha Baadi,ATP,ATP_207220
207352,Bu,Yunchaokete,R,20020119.0,CHN,185.0,,Bu Yunchaokete,ATP,ATP_207352
207686,Alexander,Shevchenko,R,20001129.0,KAZ,185.0,,Alexander Shevchenko,ATP,ATP_207686
207681,Francisco,Comesana,R,20001006.0,ARG,178.0,,Francisco Comesana,ATP,ATP_207681
207785,George,Loffhagen,R,20010419.0,GBR,188.0,,George Loffhagen,ATP,ATP_207785
207794,Younes,Lalami Laaroussi,R,20010418.0,MAR,188.0,,Younes Lalami Laaroussi,ATP,ATP_207794
127108,Igor,Ribeiro Marcondes,U,19970616.0,BRA,,Q61885722,Igor Ribeiro Marcondes,ATP,ATP_127108
207834,Juan Alejandro,Hernandez Serrano,R,19990623.0,MEX,175.0,,Juan Alejandro Hernandez Serrano,ATP,ATP_207834
207985,Jacob,Fearnley,R,20010715.0,GBR,183.0,,Jacob Fearnley,ATP,ATP_207985
207969,Stefan,Dostanic,R,20011104.0,USA,188.0,,Stefan Dostanic,ATP,ATP_207969
208010,Pablo,Llamas Ruiz,R,20021013.0,ESP,188.0,,Pablo Llamas Ruiz,ATP,ATP_208010
208029,Holger,Rune,R,20030429.0,DEN,188.0,,Holger Rune,ATP,ATP_208029
208071,Oleksii,Krutykh,R,20000310.0,UKR,185.0,,Oleksii Krutykh,ATP,ATP_208071
208108,Brian,Shi,R,20000224.0,USA,,Q85010972,Brian Shi,ATP,ATP_208108
208117,Adam,Neff,R,20010530.0,USA,183.0,,Adam Neff,ATP,ATP_208117
208144,Giles,Hussey,L,19970526.0,GBR,185.0,,Giles Hussey,ATP,ATP_208144
208169,Titouan,Droguet,R,20010615.0,FRA,191.0,,Titouan Droguet,ATP,ATP_208169
208233,Mattia,Bellucci,L,20010601.0,ITA,175.0,,Mattia Bellucci,ATP,ATP_208233
208223,Alvaro,Guillen Meza,R,20030102.0,ECU,175.0,,Alvaro Guillen Meza,ATP,ATP_208223
208210,Chris,Rodesch,R,20010718.0,LUX,198.0,,Chris Rodesch,ATP,ATP_208210
208286,Matteo,Arnaldi,R,20010222.0,ITA,185.0,,Matteo Arnaldi,ATP,ATP_208286
208279,Alejandro,Moro Canas,R,20001207.0,ESP,183.0,,Alejandro Moro Canas,ATP,ATP_208279
208316,Valentin,Royer,R,20010529.0,FRA,188.0,,Valentin Royer,ATP,ATP_208316
208300,Omni,Kumar,L,20011010.0,USA,173.0,,Omni Kumar,ATP,ATP_208300
208363,Mariano,Navone,R,20010227.0,ARG,178.0,,Mariano Navone,ATP,ATP_208363
208361,Gustavo,Heide,R,20020228.0,BRA,191.0,,Gustavo Heide,ATP,ATP_208361
208353,Francesco,Maestrelli,R,20021221.0,ITA,196.0,,Francesco Maestrelli,ATP,ATP_208353
208389,James,Trotter,R,19990729.0,JPN,183.0,,James Trotter,ATP,ATP_208389
208502,Dominic,Stricker,L,20020816.0,SUI,183.0,,Dominic Stricker,ATP,ATP_208502
208485,Kiranpal,Pannu,R,19970107.0,NZL,185.0,,Kiranpal Pannu,ATP,ATP_208485
208597,Chak Lam Coleman,Wong,R,20040606.0,HKG,,Q108498952,Chak Lam Coleman Wong,ATP,ATP_208597
133835,Gijs,Brouwer,L,19960314.0,NED,191.0,,Gijs Brouwer,ATP,ATP_133835
208653,Isaac,Becroft,R,20001029.0,NZL,180.0,,Isaac Becroft,ATP,ATP_208653
208819,Max Hans,Rehberg,R,20030913.0,GER,183.0,,Max Hans Rehberg,ATP,ATP_208819
134457,Nicolas,Moreno De Alboran,R,19970714.0,USA,185.0,,Nicolas Moreno De Alboran,ATP,ATP_134457
208852,Stefanos,Sakellaridis,R,20040913.0,GRE,196.0,,Stefanos Sakellaridis,ATP,ATP_208852
208902,Johannus,Monday,L,20020122.0,GBR,198.0,,Johannus Monday,ATP,ATP_208902
208882,Roman Andres,Burruchaga,R,20020123.0,ARG,183.0,,Roman Andres Burruchaga,ATP,ATP_208882
209113,Gabriel,Diallo,R,20010924.0,CAN,203.0,,Gabriel Diallo,ATP,ATP_209113
209209,Filip,Misolic,R,20010808.0,AUT,180.0,,Filip Misolic,ATP,ATP_209209
209263,Matteo,Gigante,L,20020104.0,ITA,180.0,,Matteo Gigante,ATP,ATP_209263
209260,Luciano,Darderi,R,20020214.0,ITA,183.0,,Luciano Darderi,ATP,ATP_209260
209279,Terence,Atmane,L,20020109.0,FRA,193.0,,Terence Atmane,ATP,ATP_209279
209326,Murphy,Cassone,R,20020816.0,USA,188.0,,Murphy Cassone,ATP,ATP_209326
144821,Genaro Alberto,Olivieri,R,19980804.0,ARG,175.0,,Genaro Alberto Olivieri,ATP,ATP_144821
144870,Federico Agustin,Gomez,R,19961126.0,ARG,191.0,,Federico Agustin Gomez,ATP,ATP_144870
144973,Santiago Fa,Rodriguez Taverna,R,19990716.0,ARG,191.0,,Santiago Fa Rodriguez Taverna,ATP,ATP_144973
209860,Ignacio,Buse,R,20040325.0,PER,185.0,,Ignacio Buse,ATP,ATP_209860
209875,Alex,Barrena,R,20021010.0,ARG,175.0,,Alex Barrena,ATP,ATP_209875
209874,Maks,Kasnikowski,R,20030706.0,POL,180.0,,Maks Kasnikowski,ATP,ATP_209874
209911,Guy,Den Ouden,R,20020408.0,NED,183.0,,Guy Den Ouden,ATP,ATP_209911
209920,Raphael,Collignon,R,20020113.0,BEL,191.0,,Raphael Collignon,ATP,ATP_209920
209992,Juncheng,Shang,L,20050202.0,CHN,180.0,,Juncheng Shang,ATP,ATP_209992
210017,Daniel,Merida Aguilar,R,20040926.0,ESP,188.0,,Daniel Merida Aguilar,ATP,ATP_210017
210012,Henrique,Rocha,R,20040406.0,POR,180.0,,Henrique Rocha,ATP,ATP_210012
210025,Branko,Djuric,R,20050210.0,SRB,188.0,,Branko Djuric,ATP,ATP_210025
202320,Beibit,Zhukayev,R,20001012.0,KAZ,198.0,,Beibit Zhukayev,ATP,ATP_202320
202290,Dhakshineswar,Suresh,R,20000329.0,IND,193.0,,Dhakshineswar Suresh,ATP,ATP_202290
210116,Michael,Zheng,R,20040127.0,USA,188.0,,Michael Zheng,ATP,ATP_210116
210136,Mark,Lajal,R,20030512.0,EST,191.0,,Mark Lajal,ATP,ATP_210136
202260,Henri,Squire,R,20000927.0,GER,196.0,,Henri Squire,ATP,ATP_202260
210178,Juan Carlos,Prado Angelo,R,20050306.0,BOL,185.0,,Juan Carlos Prado Angelo,ATP,ATP_210178
210202,Rodrigo,Pacheco Mendez,L,20050425.0,MEX,188.0,,Rodrigo Pacheco Mendez,ATP,ATP_210202
210262,Jaime,Faria,R,20030806.0,POR,188.0,,Jaime Faria,ATP,ATP_210262
202168,Ye Cong,Mo,R,20000626.0,CHN,183.0,,Ye Cong Mo,ATP,ATP_202168
210319,Ethan,Quinn,R,20040312.0,USA,191.0,,Ethan Quinn,ATP,ATP_210319
210317,James,Mccabe,R,20030705.0,AUS,188.0,,James Mccabe,ATP,ATP_210317
210338,Arthur,Gea,R,20050102.0,FRA,180.0,,Arthur Gea,ATP,ATP_210338
202146,Luka,Pavlovic,R,20000330.0,FRA,196.0,,Luka Pavlovic,ATP,ATP_202146
210340,Philip,Sekulic,R,20030905.0,AUS,191.0,,Philip Sekulic,ATP,ATP_210340
210389,Toby,Samuel,R,20020906.0,GBR,191.0,,Toby Samuel,ATP,ATP_210389
210464,Darwin,Blanch,L,20070928.0,USA,185.0,,Darwin Blanch,ATP,ATP_210464
210460,Nishesh,Basavareddy,R,20050502.0,USA,180.0,,Nishesh Basavareddy,ATP,ATP_210460
210494,Theo,Papamalamis,R,20060109.0,FRA,183.0,,Theo Papamalamis,ATP,ATP_210494
210506,Alex,Michelsen,R,20040825.0,USA,193.0,,Alex Michelsen,ATP,ATP_210506
210536,Rei,Sakamoto,R,20060624.0,JPN,193.0,,Rei Sakamoto,ATP,ATP_210536
210530,Learner,Tien,L,20051202.0,USA,180.0,,Learner Tien,ATP,ATP_210530
200666,Jie,Cui,R,19980124.0,CHN,183.0,,Jie Cui,ATP,ATP_200666
200610,Oliver,Crawford,R,19990430.0,GBR,180.0,,Oliver Crawford,ATP,ATP_200610
210696,Alexander,Blockx,R,20050408.0,BEL,191.0,,Alexander Blockx,ATP,ATP_210696
200587,Brandon,Holt,R,19980406.0,USA,185.0,,Brandon Holt,ATP,ATP_200587
110751,Sebastian,Fanselow,R,19911230.0,GER,,Q106363154,Sebastian Fanselow,ATP,ATP_110751
200452,Patrick,Zahraj,R,19990717.0,GER,188.0,,Patrick Zahraj,ATP,ATP_200452
200443,Adam,Walton,R,19990417.0,AUS,183.0,,Adam Walton,ATP,ATP_200443
200418,Karl,Friberg,R,19990325.0,SWE,191.0,,Karl Friberg,ATP,ATP_200418
210748,Federico,Cina,R,20070330.0,ITA,183.0,,Federico Cina,ATP,ATP_210748
210740,Liam,Krall,R,20020520.0,USA,191.0,,Liam Krall,ATP,ATP_210740
211346,Andres,Martin,R,20010707.0,USA,183.0,,Andres Martin,ATP,ATP_211346
211451,Gilles Arnaud,Bailly,R,20050919.0,BEL,180.0,,Gilles Arnaud Bailly,ATP,ATP_211451
211533,Gianluca,Cadenasso ,R,20040929.0,ITA,178.0,,Gianluca Cadenasso,ATP,ATP_211533
211663,Joao,Fonseca,R,20060821.0,BRA,185.0,,Joao Fonseca,ATP,ATP_211663
200329,Remy,Bertola,R,19980831.0,SUI,175.0,,Remy Bertola,ATP,ATP_200329
211768,Manas,Dhamne,R,20071229.0,IND,188.0,,Manas Dhamne,ATP,ATP_211768
211767,James,Watt,R,20000609.0,NZL,206.0,,James Watt,ATP,ATP_211767
212021,Martin,Landaluce,R,20060108.0,ESP,191.0,,Martin Landaluce,ATP,ATP_212021
211902,Henry,Searle,L,20060329.0,GBR,193.0,,Henry Searle,ATP,ATP_211902
212063,Matej,Dodig,R,20050719.0,CRO,188.0,,Matej Dodig,ATP,ATP_212063
212044,Yi,Zhou,R,20050314.0,CHN,193.0,,Yi Zhou,ATP,ATP_212044
212082,Joel,Schwaerzler,L,20060127.0,AUT,188.0,,Joel Schwaerzler,ATP,ATP_212082
200277,Charles,Broom,R,19980424.0,GBR,178.0,,Charles Broom,ATP,ATP_200277
200259,Ugo,Blanchet,R,19990105.0,FRA,175.0,,Ugo Blanchet,ATP,ATP_200259
212219,Mees,Rottgering,L,20070707.0,NED,180.0,,Mees Rottgering,ATP,ATP_212219
212216,Trevor,Svajda,R,20060420.0,USA,175.0,,Trevor Svajda,ATP,ATP_212216
212309,Diego,Dedura Palomero,L,20080312.0,GER,178.0,,Diego Dedura Palomero,ATP,ATP_212309
200096,Dragos Nicolae,Madaras,L,19970912.0,SWE,191.0,,Dragos Nicolae Madaras,ATP,ATP_200096
149282,Nicolai,Budkov Kjaer,R,20060901.0,NOR,188.0,,Nicolai Budkov Kjaer,ATP,ATP_149282
106264,Karue,Sell,R,19931113.0,BRA,183.0,,Karue Sell,ATP,ATP_106264
213608,Moise,Kouame,R,20090306.0,FRA,,,Moise Kouame,ATP,ATP_213608
213036,Luis Guto,Miguel,U,20090226.0,BRA,,,Luis Guto Miguel,ATP,ATP_213036
212886,Radu David,Turcanu,L,20060316.0,ROU,,,Radu David Turcanu,ATP,ATP_212886
212788,Amir,Omarkhanov,U,20071117.0,KAZ,,,Amir Omarkhanov,ATP,ATP_212788
212733,Matthew,Forbes,U,20060406.0,USA,,,Matthew Forbes,ATP,ATP_212733
212588,Rafael,Jodar,U,20060917.0,ESP,,,Rafael Jodar,ATP,ATP_212588
212531,Nicolas,Arseneault,U,20070118.0,CAN,,,Nicolas Arseneault,ATP,ATP_212531
212478,William,Rejchtman Vinciguerra,U,20070210.0,SWE,,,William Rejchtman Vinciguerra,ATP,ATP_212478
212275,Thijs,Boogaard,R,20080705.0,NED,,,Thijs Boogaard,ATP,ATP_212275
212268,Max,Schoenhaus,U,20070801.0,GER,,,Max Schoenhaus,ATP,ATP_212268
212256,Colton,Smith,U,20030305.0,USA,,,Colton Smith,ATP,ATP_212256
212225,Thomas,Faurel,U,20060121.0,FRA,,,Thomas Faurel,ATP,ATP_212225
211558,Karim,Bennani,U,20070903.0,MAR,,,Karim Bennani,ATP,ATP_211558
211514,Justin,Engel,U,20071001.0,GER,,,Justin Engel,ATP,ATP_211514
210730,Reda,Bennani,R,20070216.0,MAR,,,Reda Bennani,ATP,ATP_210730
210545,Luis Carlos,Alvarez,R,20040903.0,MEX,,,Luis Carlos Alvarez,ATP,ATP_210545
210510,Lautaro,Midon,U,20040329.0,ARG,,,Lautaro Midon,ATP,ATP_210510
210472,Oliver,Tarvet,U,20031029.0,GBR,,,Oliver Tarvet,ATP,ATP_210472
209246,Alan,Magadan,U,20010526.0,MEX,,,Alan Magadan,ATP,ATP_209246
207531,Caleb,Chakravarthi,U,19990102.0,USA,,,Caleb Chakravarthi,ATP,ATP_207531
129814,Ivan,Ivanov,R,20081030.0,BUL,,,Ivan Ivanov,ATP,ATP_129814
202297,Dan,Martin,U,19990509.0,CAN,,,Dan Martin,ATP,ATP_202297
148679,Henry,Bernet,R,20070125.0,SUI,,,Henry Bernet,ATP,ATP_148679
