player,url
Abdullah Shelbayh,http://www.asapsports.com/show_player.php?id=45683
Abdulrahman Al Janahi,http://www.asapsports.com/show_player.php?id=43544
Abedallah Shelbayh,http://www.asapsports.com/show_player.php?id=43538
Adam Pavlasek,http://www.asapsports.com/show_player.php?id=45370
Adam Walton,http://www.asapsports.com/show_player.php?id=49500
Adil Shamasdin,http://www.asapsports.com/show_player.php?id=31645
Adrian Andreev,http://www.asapsports.com/show_player.php?id=38516
Adrian Mannarino,http://www.asapsports.com/show_player.php?id=26007
Adriano Fuorivia,http://www.asapsports.com/show_player.php?id=38536
Agnieszka Radwanska,http://www.asapsports.com/show_player.php?id=17177
Ai Sugiyama,http://www.asapsports.com/show_player.php?id=11991
Aisam-Ul-Haq Qureshi,http://www.asapsports.com/show_player.php?id=12316
Ajla Tomljanovic,http://www.asapsports.com/show_player.php?id=27294
Alastair Gray,http://www.asapsports.com/show_player.php?id=42483
Albert Ramos-Vinolas,http://www.asapsports.com/show_player.php?id=29691
Alberto Giraudo,http://www.asapsports.com/show_player.php?id=38619
Alejandro Davidovich Fokina,http://www.asapsports.com/show_player.php?id=33903
Alejandro Fabbri,http://www.asapsports.com/show_player.php?id=41071
Alejandro Falla,http://www.asapsports.com/show_player.php?id=17176
Alejandro Gonzalez,http://www.asapsports.com/show_player.php?id=38257
Alejandro Tabill,http://www.asapsports.com/show_player.php?id=38515
Alejandro Tabilo,http://www.asapsports.com/show_player.php?id=38264
Aleksandar Vukic,http://www.asapsports.com/show_player.php?id=41092
Aleksandr Nedovyesov,http://www.asapsports.com/show_player.php?id=40812
Aleksandre Bakshi,http://www.asapsports.com/show_player.php?id=38564
Aleksandre Metreveli,http://www.asapsports.com/show_player.php?id=38566
Alessandro Giannessi,http://www.asapsports.com/show_player.php?id=38626
Alex Auger-Aliassime,http://www.asapsports.com/show_player.php?id=47501
Alex Bolt,http://www.asapsports.com/show_player.php?id=36494
Alex De Minaur,http://www.asapsports.com/show_player.php?id=32482
Alex Hughes,http://www.asapsports.com/show_player.php?id=47278
Alex Michelsen,http://www.asapsports.com/show_player.php?id=47560
Alex Ward,http://www.asapsports.com/show_player.php?id=47492
Alex Zverev,http://www.asapsports.com/show_player.php?id=47563
Alexa Guarachi,http://www.asapsports.com/show_player.php?id=39210
Alexandar Lazarov,http://www.asapsports.com/show_player.php?id=38518
Alexander Blockx,http://www.asapsports.com/show_player.php?id=43485
Alexander Bublik,http://www.asapsports.com/show_player.php?id=39770
Alexander Cozbinov,http://www.asapsports.com/show_player.php?id=38549
Alexander Donski,http://www.asapsports.com/show_player.php?id=38517
Alexander Lazarov,http://www.asapsports.com/show_player.php?id=43434
Alexander Ritschard,http://www.asapsports.com/show_player.php?id=43431
Alexander Shevchenko,http://www.asapsports.com/show_player.php?id=41064
Alexander Skorilas,http://www.asapsports.com/show_player.php?id=38529
Alexander Zverev,http://www.asapsports.com/show_player.php?id=26366
Alexander Zverev Sr.,http://www.asapsports.com/show_player.php?id=47510
Alexander Zverez,http://www.asapsports.com/show_player.php?id=43491
Alexandr Nedovyesov,http://www.asapsports.com/show_player.php?id=47497
Alexandra Eala,http://www.asapsports.com/show_player.php?id=42766
Alexandre Muller,http://www.asapsports.com/show_player.php?id=33702
Alexandro Davidovich Fokina,http://www.asapsports.com/show_player.php?id=45590
Alexei Popyrin,http://www.asapsports.com/show_player.php?id=33691
Alexei Popyrn,http://www.asapsports.com/show_player.php?id=45642
Alexis Galarneau,http://www.asapsports.com/show_player.php?id=42659
Alexsandar Vukic,http://www.asapsports.com/show_player.php?id=41094
Alfie Hewett,http://www.asapsports.com/show_player.php?id=35756
Aliaksandra Sasnovich,http://www.asapsports.com/show_player.php?id=34591
Alicia Barnett,http://www.asapsports.com/show_player.php?id=43105
Alicia Molik,http://www.asapsports.com/show_player.php?id=11586
Alicja Rosolska,http://www.asapsports.com/show_player.php?id=43441
Alina Korneeva,http://www.asapsports.com/show_player.php?id=43486
Aliona Bolsova,http://www.asapsports.com/show_player.php?id=37596
Alisa Oktiabreva,http://www.asapsports.com/show_player.php?id=50609
Alison Riske,http://www.asapsports.com/show_player.php?id=25703
Alison Van Uytvanck,http://www.asapsports.com/show_player.php?id=29177
Alize Cornet,http://www.asapsports.com/show_player.php?id=18544
Alja Tomljanovic,http://www.asapsports.com/show_player.php?id=40561
Alycia Parks,http://www.asapsports.com/show_player.php?id=43401
Amanda Anisimova,http://www.asapsports.com/show_player.php?id=33705
Amelie Mauresmo,http://www.asapsports.com/show_player.php?id=10697
Amelie Oudea-Castera,http://www.asapsports.com/show_player.php?id=40058
Ana Bogdan,http://www.asapsports.com/show_player.php?id=40069
Ana Konjuh,http://www.asapsports.com/show_player.php?id=24673
Anabel Medina Garrigues,http://www.asapsports.com/show_player.php?id=11448
Anastasia Pavlyuchenkova,http://www.asapsports.com/show_player.php?id=12291
Anastasia Pavlyunchenkova,http://www.asapsports.com/show_player.php?id=40062
Anastasia Potapova,http://www.asapsports.com/show_player.php?id=31543
Anastasija Sevastova,http://www.asapsports.com/show_player.php?id=31785
Anca Todoni,http://www.asapsports.com/show_player.php?id=47257
Andre Goransson,http://www.asapsports.com/show_player.php?id=40814
Andrea Gaudenzi,http://www.asapsports.com/show_player.php?id=12417
Andrea Lazaro Garcia,http://www.asapsports.com/show_player.php?id=49456
Andrea Pellegrino,http://www.asapsports.com/show_player.php?id=49449
Andrea Petkovic,http://www.asapsports.com/show_player.php?id=21293
Andrea Vavassori,http://www.asapsports.com/show_player.php?id=39491
Andreas Mies,http://www.asapsports.com/show_player.php?id=37592
Andreas Seppi,http://www.asapsports.com/show_player.php?id=12115
Andrei Vasilevski,http://www.asapsports.com/show_player.php?id=45040
Andrej Krasevec,http://www.asapsports.com/show_player.php?id=45328
Andreja Petrovic,http://www.asapsports.com/show_player.php?id=43444
Andres Molteni,http://www.asapsports.com/show_player.php?id=38539
Andrew Bettles,http://www.asapsports.com/show_player.php?id=36112
Andrew Colvin,http://www.asapsports.com/show_player.php?id=38712
Andrey Golubev,http://www.asapsports.com/show_player.php?id=22568
Andrey Rublev,http://www.asapsports.com/show_player.php?id=27291
Andrey Ruvlev,http://www.asapsports.com/show_player.php?id=39496
Andy Lapthorne,http://www.asapsports.com/show_player.php?id=39207
Andy Murray,http://www.asapsports.com/show_player.php?id=15247
Ane Mintegi Del Olmo,http://www.asapsports.com/show_player.php?id=40194
Anett Kontaveit,http://www.asapsports.com/show_player.php?id=33452
Angelica Bernal,http://www.asapsports.com/show_player.php?id=46305
Angelica Moratelli,http://www.asapsports.com/show_player.php?id=47504
Angelique Kerber,http://www.asapsports.com/show_player.php?id=18653
Angelo Binaghi,http://www.asapsports.com/show_player.php?id=49191
Anhelina Kalinina,http://www.asapsports.com/show_player.php?id=42481
Anick Van Koot,http://www.asapsports.com/show_player.php?id=41119
Aniek Van Koot,http://www.asapsports.com/show_player.php?id=36487
Ann Li,http://www.asapsports.com/show_player.php?id=41074
Anna Blinkova,http://www.asapsports.com/show_player.php?id=44592
Anna Danilina,http://www.asapsports.com/show_player.php?id=43104
Anna Kalinskaya,http://www.asapsports.com/show_player.php?id=37834
Anna Pushkareva,http://www.asapsports.com/show_player.php?id=50738
Anna Schmiedlova,http://www.asapsports.com/show_player.php?id=39225
Anna-Lena Friedsam,http://www.asapsports.com/show_player.php?id=43451
Anne Keothavong,http://www.asapsports.com/show_player.php?id=12442
Anton Dubrov,http://www.asapsports.com/show_player.php?id=43487
Apostolos Tsitsipas,http://www.asapsports.com/show_player.php?id=38528
Arantxa Rus,http://www.asapsports.com/show_player.php?id=17956
Ariana Arseneault,http://www.asapsports.com/show_player.php?id=46958
Ariel Behar,http://www.asapsports.com/show_player.php?id=38588
Arij Almutabagani,http://www.asapsports.com/show_player.php?id=47214
Arina Rodionova,http://www.asapsports.com/show_player.php?id=38682
Aristotelis Thanos,http://www.asapsports.com/show_player.php?id=41072
Artemon Apostu-Efremov,http://www.asapsports.com/show_player.php?id=38713
Arthur Cazaux,http://www.asapsports.com/show_player.php?id=38710
Arthur Fery,http://www.asapsports.com/show_player.php?id=44794
Arthur Fils,http://www.asapsports.com/show_player.php?id=40061
Arthur Gea,http://www.asapsports.com/show_player.php?id=49495
Arthur Rinderknech,http://www.asapsports.com/show_player.php?id=40673
Aruzhan Sagandikova,http://www.asapsports.com/show_player.php?id=45323
Aryna Sabalenka,http://www.asapsports.com/show_player.php?id=35723
Ashleigh Barty,http://www.asapsports.com/show_player.php?id=22466
Ashley Keber,http://www.asapsports.com/show_player.php?id=50435
Ashlyn Krueger,http://www.asapsports.com/show_player.php?id=46956
Asia Muhammad,http://www.asapsports.com/show_player.php?id=42062
Aslan Karatsev,http://www.asapsports.com/show_player.php?id=39502
Astra Sharma,http://www.asapsports.com/show_player.php?id=36495
Astrid Brune Olsen,http://www.asapsports.com/show_player.php?id=49451
Austin Krajicek,http://www.asapsports.com/show_player.php?id=38635
Bai Yan,http://www.asapsports.com/show_player.php?id=47527
Barbara Haas,http://www.asapsports.com/show_player.php?id=39229
Barbora Krejcikova,http://www.asapsports.com/show_player.php?id=35754
Barbora Strycova,http://www.asapsports.com/show_player.php?id=29574
Barbora Strykova,http://www.asapsports.com/show_player.php?id=45017
Beatriz Haddad Maia,http://www.asapsports.com/show_player.php?id=42675
Belinda Bencic,http://www.asapsports.com/show_player.php?id=25722
Ben Bartram,http://www.asapsports.com/show_player.php?id=42760
Ben McLachlan,http://www.asapsports.com/show_player.php?id=38261
Ben Shelton,http://www.asapsports.com/show_player.php?id=42702
Benjamin Balleret,http://www.asapsports.com/show_player.php?id=15274
Benjamin Bonzi,http://www.asapsports.com/show_player.php?id=33700
Benjamin Sogouin,http://www.asapsports.com/show_player.php?id=47518
Benoit Paire,http://www.asapsports.com/show_player.php?id=25377
Bernabe Zapata Miralles,http://www.asapsports.com/show_player.php?id=42194
Bernard Giudicelli,http://www.asapsports.com/show_player.php?id=33687
Bernard Tomic,http://www.asapsports.com/show_player.php?id=17957
Bernarda Pera,http://www.asapsports.com/show_player.php?id=46982
Bertrand Perret,http://www.asapsports.com/show_player.php?id=38714
Bethanie Mattek-Sands,http://www.asapsports.com/show_player.php?id=15285
Bianca Andreescu,http://www.asapsports.com/show_player.php?id=33983
Bianca Fernandez,http://www.asapsports.com/show_player.php?id=42661
Bille Jean King,http://www.asapsports.com/show_player.php?id=48909
Billy Harris,http://www.asapsports.com/show_player.php?id=46710
Bjorn Borg,http://www.asapsports.com/show_player.php?id=31734
Bjorn Fratangelo,http://www.asapsports.com/show_player.php?id=47558
Bob Bryan,http://www.asapsports.com/show_player.php?id=10706
Boris Becker,http://www.asapsports.com/show_player.php?id=10489
Borna Coric,http://www.asapsports.com/show_player.php?id=25865
Borna Gojo,http://www.asapsports.com/show_player.php?id=38262
Botic Van De Zandschulp,http://www.asapsports.com/show_player.php?id=40443
Botic van de Zandschlup,http://www.asapsports.com/show_player.php?id=42193
Brandon Holt,http://www.asapsports.com/show_player.php?id=42768
Brandon Nakashima,http://www.asapsports.com/show_player.php?id=40350
Brayden Schnur,http://www.asapsports.com/show_player.php?id=37841
Brenda Fruhvirtova,http://www.asapsports.com/show_player.php?id=45641
Brett Haber,http://www.asapsports.com/show_player.php?id=35827
Brian Hainline,http://www.asapsports.com/show_player.php?id=15078
Bruno Kuzuhara,http://www.asapsports.com/show_player.php?id=41115
Bruno Soares,http://www.asapsports.com/show_player.php?id=24188
Bryan Shelton,http://www.asapsports.com/show_player.php?id=45046
Bu Yunchaokete,http://www.asapsports.com/show_player.php?id=45125
Cameron Norrie,http://www.asapsports.com/show_player.php?id=33819
Camila Giorgi,http://www.asapsports.com/show_player.php?id=24008
Camila Osorio,http://www.asapsports.com/show_player.php?id=42168
Camila Rosatello,http://www.asapsports.com/show_player.php?id=43403
Camilo Ugo Carabelli,http://www.asapsports.com/show_player.php?id=42166
Captain Adrians Zguns,http://www.asapsports.com/show_player.php?id=38717
Captain Alberto Giraudo,http://www.asapsports.com/show_player.php?id=38645
Captain Bruguera,http://www.asapsports.com/show_player.php?id=42786
Captain Coria,http://www.asapsports.com/show_player.php?id=42773
Captain Dancevic,http://www.asapsports.com/show_player.php?id=42779
Captain Farrukh Dustov,http://www.asapsports.com/show_player.php?id=38930
Captain Francisco Roig,http://www.asapsports.com/show_player.php?id=38616
Captain Haarhuis,http://www.asapsports.com/show_player.php?id=42793
Captain Hedsberg,http://www.asapsports.com/show_player.php?id=42774
Captain Kathy,http://www.asapsports.com/show_player.php?id=45334
Captain Kathy Rinaldi,http://www.asapsports.com/show_player.php?id=35295
Captain Mardy Fish,http://www.asapsports.com/show_player.php?id=38926
Captain Martic,http://www.asapsports.com/show_player.php?id=42790
Captain Park,http://www.asapsports.com/show_player.php?id=42775
Captain Smith,http://www.asapsports.com/show_player.php?id=42789
Captain Troicki,http://www.asapsports.com/show_player.php?id=42787
Captain Vedran,http://www.asapsports.com/show_player.php?id=42781
Captain Volandri,http://www.asapsports.com/show_player.php?id=42782
Carla Suarez Navarro,http://www.asapsports.com/show_player.php?id=19185
Carlos Alcaraz,http://www.asapsports.com/show_player.php?id=48687
Carlos Cuadrado,http://www.asapsports.com/show_player.php?id=47568
Carlos Taberner,http://www.asapsports.com/show_player.php?id=47524
Carol Zhao,http://www.asapsports.com/show_player.php?id=25806
Carolina Alves,http://www.asapsports.com/show_player.php?id=43450
Caroline Dolehide,http://www.asapsports.com/show_player.php?id=45078
Caroline Garcia,http://www.asapsports.com/show_player.php?id=25697
Caroline Wozniacki,http://www.asapsports.com/show_player.php?id=12623
Caroline Wozniaki,http://www.asapsports.com/show_player.php?id=44973
Casper Ruud,http://www.asapsports.com/show_player.php?id=37600
Caty McNally,http://www.asapsports.com/show_player.php?id=37831
Cedric Pioline,http://www.asapsports.com/show_player.php?id=12317
Celine Naef,http://www.asapsports.com/show_player.php?id=45322
Charles Broom,http://www.asapsports.com/show_player.php?id=47493
Charlotte Maria,http://www.asapsports.com/show_player.php?id=45598
Chen Jie,http://www.asapsports.com/show_player.php?id=45161
Chloe Paquet,http://www.asapsports.com/show_player.php?id=33699
Chris Guccione,http://www.asapsports.com/show_player.php?id=12466
Chris O'Connell,http://www.asapsports.com/show_player.php?id=45613
Christian Harrison,http://www.asapsports.com/show_player.php?id=48898
Christian Ruud,http://www.asapsports.com/show_player.php?id=38603
Christiane Amanpour,http://www.asapsports.com/show_player.php?id=21282
Christopher Eubanks,http://www.asapsports.com/show_player.php?id=44367
Christopher Heyman,http://www.asapsports.com/show_player.php?id=49433
Christopher O'Connell,http://www.asapsports.com/show_player.php?id=39519
Clara Burel,http://www.asapsports.com/show_player.php?id=45327
Clara Tauson,http://www.asapsports.com/show_player.php?id=36490
Cleeve Harper,http://www.asapsports.com/show_player.php?id=49434
Clervie Ngounoue,http://www.asapsports.com/show_player.php?id=44816
Coco Gauff,http://www.asapsports.com/show_player.php?id=37835
Colin Beecher,http://www.asapsports.com/show_player.php?id=45586
Conchita Martinez,http://www.asapsports.com/show_player.php?id=10463
Conny Perrin,http://www.asapsports.com/show_player.php?id=37219
Constant Lestienne,http://www.asapsports.com/show_player.php?id=44568
Corentin Moutet,http://www.asapsports.com/show_player.php?id=35624
Cori Gauff,http://www.asapsports.com/show_player.php?id=34061
Craig Tyzzer,http://www.asapsports.com/show_player.php?id=38179
Cristian Garin,http://www.asapsports.com/show_player.php?id=37604
Cristina Bucsa,http://www.asapsports.com/show_player.php?id=45325
Cristina Busca,http://www.asapsports.com/show_player.php?id=48930
DMITRY POPKO,http://www.asapsports.com/show_player.php?id=47498
Dahnon Ward,http://www.asapsports.com/show_player.php?id=42761
Daivd Witt,http://www.asapsports.com/show_player.php?id=43410
Dalibor Svrcina,http://www.asapsports.com/show_player.php?id=49436
Dan Evans,http://www.asapsports.com/show_player.php?id=32544
Dan Faber,http://www.asapsports.com/show_player.php?id=44890
Dan Martin,http://www.asapsports.com/show_player.php?id=48825
Dane Sweeny,http://www.asapsports.com/show_player.php?id=45640
Dani Vallverdu,http://www.asapsports.com/show_player.php?id=38660
Daniel Altmaier,http://www.asapsports.com/show_player.php?id=39213
Daniel Elahi Galan,http://www.asapsports.com/show_player.php?id=39216
Daniel Evans,http://www.asapsports.com/show_player.php?id=18638
Daniel Masur,http://www.asapsports.com/show_player.php?id=47511
Daniel Merida,http://www.asapsports.com/show_player.php?id=50425
Daniel Michalski,http://www.asapsports.com/show_player.php?id=43408
Daniel Vacek,http://www.asapsports.com/show_player.php?id=11889
Daniela Vismane,http://www.asapsports.com/show_player.php?id=38719
Danielle Collins,http://www.asapsports.com/show_player.php?id=34972
Danii Medvedev,http://www.asapsports.com/show_player.php?id=44429
Daniil Medvedev,http://www.asapsports.com/show_player.php?id=32171
Danka Kovinic,http://www.asapsports.com/show_player.php?id=41120
Daria Gavrilova,http://www.asapsports.com/show_player.php?id=21296
Daria Kasatkina,http://www.asapsports.com/show_player.php?id=30775
Daria Saville,http://www.asapsports.com/show_player.php?id=41123
Darren Cahill,http://www.asapsports.com/show_player.php?id=35885
David Ferrer,http://www.asapsports.com/show_player.php?id=12613
David Goffin,http://www.asapsports.com/show_player.php?id=23984
David Haggerty,http://www.asapsports.com/show_player.php?id=30228
David Kvernadze,http://www.asapsports.com/show_player.php?id=38562
David MacPherson,http://www.asapsports.com/show_player.php?id=38634
David Massey,http://www.asapsports.com/show_player.php?id=44436
David Pel,http://www.asapsports.com/show_player.php?id=49443
David Vega Hernandez,http://www.asapsports.com/show_player.php?id=43447
David Wagner,http://www.asapsports.com/show_player.php?id=39512
David Witt,http://www.asapsports.com/show_player.php?id=39514
Dawid Celt,http://www.asapsports.com/show_player.php?id=43124
Dayana Yastremska,http://www.asapsports.com/show_player.php?id=37747
Dejana Radanovic,http://www.asapsports.com/show_player.php?id=45588
Demi Schuurs,http://www.asapsports.com/show_player.php?id=34644
Denis Istomin,http://www.asapsports.com/show_player.php?id=21252
Denis Kudla,http://www.asapsports.com/show_player.php?id=21298
Denis Shapovalor,http://www.asapsports.com/show_player.php?id=41062
Denis Shapovalov,http://www.asapsports.com/show_player.php?id=31541
Denis Yevseyev,http://www.asapsports.com/show_player.php?id=43423
Dennis Novak,http://www.asapsports.com/show_player.php?id=38521
Desirae Krawczyk,http://www.asapsports.com/show_player.php?id=37745
Despina Papamichail,http://www.asapsports.com/show_player.php?id=43404
Destanee Aiava,http://www.asapsports.com/show_player.php?id=32481
Di Wu,http://www.asapsports.com/show_player.php?id=21363
Diana Marcinkevica,http://www.asapsports.com/show_player.php?id=38718
Diana Shnaider,http://www.asapsports.com/show_player.php?id=42757
Diane Parry,http://www.asapsports.com/show_player.php?id=37601
Diede De Groot,http://www.asapsports.com/show_player.php?id=36488
Diego Hidalgo,http://www.asapsports.com/show_player.php?id=40817
Diego Schwartzman,http://www.asapsports.com/show_player.php?id=33694
Dimitar Kuzmanov,http://www.asapsports.com/show_player.php?id=38519
Dimitrii Baskov,http://www.asapsports.com/show_player.php?id=38547
Dimitry Popko,http://www.asapsports.com/show_player.php?id=47495
Dino Prizmic,http://www.asapsports.com/show_player.php?id=44674
Dominic Stephan Stricker,http://www.asapsports.com/show_player.php?id=39206
Dominic Stricker,http://www.asapsports.com/show_player.php?id=43430
Dominic Thiem,http://www.asapsports.com/show_player.php?id=27052
Dominik Koepfer,http://www.asapsports.com/show_player.php?id=37967
Dominika Salkova,http://www.asapsports.com/show_player.php?id=47264
Donald Ramphadi,http://www.asapsports.com/show_player.php?id=44681
Donald Young,http://www.asapsports.com/show_player.php?id=12629
Dong Jian,http://www.asapsports.com/show_player.php?id=45163
Donna Vekic,http://www.asapsports.com/show_player.php?id=29187
Dorian Descloix,http://www.asapsports.com/show_player.php?id=39172
Dr. Brian Hainline,http://www.asapsports.com/show_player.php?id=39055
Dr. Claudia Reardon,http://www.asapsports.com/show_player.php?id=40398
Dusan Lajovic,http://www.asapsports.com/show_player.php?id=27296
Dylan Alcott,http://www.asapsports.com/show_player.php?id=34619
Edouard Roger-Vasselin,http://www.asapsports.com/show_player.php?id=25378
Egor Matvievici,http://www.asapsports.com/show_player.php?id=38548
Ekaterina Alexandrova,http://www.asapsports.com/show_player.php?id=47602
Ela Nala Milic,http://www.asapsports.com/show_player.php?id=45331
Elena Rybakina,http://www.asapsports.com/show_player.php?id=38742
Elena Vesnina,http://www.asapsports.com/show_player.php?id=12141
Elena-Gabriela Ruse,http://www.asapsports.com/show_player.php?id=47258
Elias Ymer,http://www.asapsports.com/show_player.php?id=39523
Elina Svitolina,http://www.asapsports.com/show_player.php?id=27670
Eliot Spizzirri,http://www.asapsports.com/show_player.php?id=49494
Elisabetta Cocciaretto,http://www.asapsports.com/show_player.php?id=43113
Elisabetta Cocciarreto,http://www.asapsports.com/show_player.php?id=48685
Elise Mertens,http://www.asapsports.com/show_player.php?id=33701
Elixane Lechemia,http://www.asapsports.com/show_player.php?id=45581
Ellen Perez,http://www.asapsports.com/show_player.php?id=43102
Elsa Jacquemot,http://www.asapsports.com/show_player.php?id=42144
Emerson Jones,http://www.asapsports.com/show_player.php?id=47540
Emil Miske,http://www.asapsports.com/show_player.php?id=45044
Emil Ruusuvuori,http://www.asapsports.com/show_player.php?id=39504
Emilio Gomez,http://www.asapsports.com/show_player.php?id=40810
Emma Navarro,http://www.asapsports.com/show_player.php?id=45075
Emma Raducanu,http://www.asapsports.com/show_player.php?id=40196
Ena Shibahara,http://www.asapsports.com/show_player.php?id=39490
Enric Rojas,http://www.asapsports.com/show_player.php?id=40876
Eri Hozumi,http://www.asapsports.com/show_player.php?id=41090
Erin Routliffe,http://www.asapsports.com/show_player.php?id=45042
Esther Vergeer,http://www.asapsports.com/show_player.php?id=21297
Ethan Quinn,http://www.asapsports.com/show_player.php?id=48534
Eugene Lapierre,http://www.asapsports.com/show_player.php?id=17458
Eugenie Bouchard,http://www.asapsports.com/show_player.php?id=22548
Eva Lys,http://www.asapsports.com/show_player.php?id=45333
Eva Vedder,http://www.asapsports.com/show_player.php?id=49440
Evgeny Donskoy,http://www.asapsports.com/show_player.php?id=32635
Fabian Marozsan,http://www.asapsports.com/show_player.php?id=40816
Fabio Fognini,http://www.asapsports.com/show_player.php?id=17454
Fabrice Martin,http://www.asapsports.com/show_player.php?id=37594
Facundo Bagnis,http://www.asapsports.com/show_player.php?id=42154
Facundo Lugones,http://www.asapsports.com/show_player.php?id=40582
Federico Cina,http://www.asapsports.com/show_player.php?id=50616
Federico Coria,http://www.asapsports.com/show_player.php?id=43426
Federico Delbonis,http://www.asapsports.com/show_player.php?id=30645
Feliciano Lopez,http://www.asapsports.com/show_player.php?id=10357
Felipe Maccio,http://www.asapsports.com/show_player.php?id=38587
Felix Auger-Aliassime,http://www.asapsports.com/show_player.php?id=34948
Felix Gill,http://www.asapsports.com/show_player.php?id=50742
Fernando Verdasco,http://www.asapsports.com/show_player.php?id=11901
Filip Krajinovic,http://www.asapsports.com/show_player.php?id=34306
Filip Misolic,http://www.asapsports.com/show_player.php?id=49157
Filip Polasek,http://www.asapsports.com/show_player.php?id=37885
Filippo Volandri,http://www.asapsports.com/show_player.php?id=11916
Fiona Ferro,http://www.asapsports.com/show_player.php?id=27303
Flavio Cobilli,http://www.asapsports.com/show_player.php?id=49192
Flavio Cobolli,http://www.asapsports.com/show_player.php?id=46634
Frances Tiafoe,http://www.asapsports.com/show_player.php?id=28929
Francesca Jones,http://www.asapsports.com/show_player.php?id=39516
Francesco Passaro,http://www.asapsports.com/show_player.php?id=47569
Francisco Cerundolo,http://www.asapsports.com/show_player.php?id=42012
Francisco Comesana,http://www.asapsports.com/show_player.php?id=49162
Francisco Roig,http://www.asapsports.com/show_player.php?id=38579
Franco Roncadelli,http://www.asapsports.com/show_player.php?id=38589
Frank Dancevic,http://www.asapsports.com/show_player.php?id=12534
Félix Augier-Aliassime,http://www.asapsports.com/show_player.php?id=42676
Gabor Koves,http://www.asapsports.com/show_player.php?id=40815
Gabriel Debru,http://www.asapsports.com/show_player.php?id=42281
Gabriel Diallo,http://www.asapsports.com/show_player.php?id=42792
Gabriela Dabrowski,http://www.asapsports.com/show_player.php?id=25813
Gabriela Knutson,http://www.asapsports.com/show_player.php?id=47508
Gael Monfils,http://www.asapsports.com/show_player.php?id=12541
Gao Xinyu,http://www.asapsports.com/show_player.php?id=47496
Garbine Muguruza,http://www.asapsports.com/show_player.php?id=26371
Gaston Gaudio,http://www.asapsports.com/show_player.php?id=12419
Gavor Koves,http://www.asapsports.com/show_player.php?id=40825
Genaro Alberto Olivieri,http://www.asapsports.com/show_player.php?id=44600
Geoffrey Blancaneaux,http://www.asapsports.com/show_player.php?id=31254
George Loffhagen,http://www.asapsports.com/show_player.php?id=44797
George Tsivadze,http://www.asapsports.com/show_player.php?id=38565
Gerald Melzer,http://www.asapsports.com/show_player.php?id=40809
Gergana Topalova,http://www.asapsports.com/show_player.php?id=43412
Gijs Brouwer,http://www.asapsports.com/show_player.php?id=45368
Gilles Arnaud Bailly,http://www.asapsports.com/show_player.php?id=42282
Gilles Cervara,http://www.asapsports.com/show_player.php?id=37965
Gilles Moretton,http://www.asapsports.com/show_player.php?id=40057
Gilles Simon,http://www.asapsports.com/show_player.php?id=15943
Giovanni Mpetshi Perric,http://www.asapsports.com/show_player.php?id=47488
Giovanni Mpetshi Perricard,http://www.asapsports.com/show_player.php?id=40064
Gisela Dulko,http://www.asapsports.com/show_player.php?id=12602
Giuliana Olmos,http://www.asapsports.com/show_player.php?id=39874
Go Soeda,http://www.asapsports.com/show_player.php?id=29194
Gonzalo Escobar,http://www.asapsports.com/show_player.php?id=40818
Goran Ivanisevic,http://www.asapsports.com/show_player.php?id=10698
Gordon Reid,http://www.asapsports.com/show_player.php?id=31538
Gozal Ainitdinova,http://www.asapsports.com/show_player.php?id=43424
Greet Minnen,http://www.asapsports.com/show_player.php?id=39521
Gregoire Barrere,http://www.asapsports.com/show_player.php?id=35631
Greta Holtz,http://www.asapsports.com/show_player.php?id=39586
Grigor Dimitrov,http://www.asapsports.com/show_player.php?id=18676
Grigor Dimotrov,http://www.asapsports.com/show_player.php?id=39217
Grigoriy Lomakin,http://www.asapsports.com/show_player.php?id=43425
Guido Andreozzi,http://www.asapsports.com/show_player.php?id=47522
Guido Pella,http://www.asapsports.com/show_player.php?id=33703
Guillermo Coria,http://www.asapsports.com/show_player.php?id=12275
Guo Hanyu,http://www.asapsports.com/show_player.php?id=50736
Gustavo Fernandez,http://www.asapsports.com/show_player.php?id=36489
Gustavo Heide,http://www.asapsports.com/show_player.php?id=47529
Gustavo Kuerten,http://www.asapsports.com/show_player.php?id=12578
Guy Den Ouden,http://www.asapsports.com/show_player.php?id=49441
Guy Forget,http://www.asapsports.com/show_player.php?id=12636
Guy Sasson,http://www.asapsports.com/show_player.php?id=46630
Hady Habib,http://www.asapsports.com/show_player.php?id=47565
Hailey Baptiste,http://www.asapsports.com/show_player.php?id=37826
Hamad Medjedovic,http://www.asapsports.com/show_player.php?id=45380
Hannah Klugman,http://www.asapsports.com/show_player.php?id=48688
Hanne Vandewinkel,http://www.asapsports.com/show_player.php?id=46358
Hans Podlipnik-Castillo,http://www.asapsports.com/show_player.php?id=38514
Harmony Tan,http://www.asapsports.com/show_player.php?id=42140
Harold Mayot,http://www.asapsports.com/show_player.php?id=38711
Harri Heliovaara,http://www.asapsports.com/show_player.php?id=41095
Harriet Dart,http://www.asapsports.com/show_player.php?id=35714
Harry Wendelken,http://www.asapsports.com/show_player.php?id=50740
Heath Davidson,http://www.asapsports.com/show_player.php?id=36491
Heather Watson,http://www.asapsports.com/show_player.php?id=20087
Heidi El Tabakh,http://www.asapsports.com/show_player.php?id=20035
Heinz Guenthardt,http://www.asapsports.com/show_player.php?id=43127
Henri Laacksonen,http://www.asapsports.com/show_player.php?id=42156
Henri Laaksonen,http://www.asapsports.com/show_player.php?id=32569
Henrique Rocha,http://www.asapsports.com/show_player.php?id=48535
Henry Bernet,http://www.asapsports.com/show_player.php?id=47557
Henry Patten,http://www.asapsports.com/show_player.php?id=46795
Henry Searle,http://www.asapsports.com/show_player.php?id=44817
Herman Hoeyeraal,http://www.asapsports.com/show_player.php?id=38631
Holger Rune,http://www.asapsports.com/show_player.php?id=40754
Holger Vitus Nodskov Rune,http://www.asapsports.com/show_player.php?id=40445
Hong Seong Chan,http://www.asapsports.com/show_player.php?id=42794
Horacio Zeballos,http://www.asapsports.com/show_player.php?id=33697
Horacio de la Pena,http://www.asapsports.com/show_player.php?id=47499
Horia Tecau,http://www.asapsports.com/show_player.php?id=12084
Horia-Vlad Tecau,http://www.asapsports.com/show_player.php?id=47255
Hsieh Su-Wei,http://www.asapsports.com/show_player.php?id=35757
Hubert Hurcacz,http://www.asapsports.com/show_player.php?id=45582
Hubert Hurkacz,http://www.asapsports.com/show_player.php?id=36206
Hugo Dellien,http://www.asapsports.com/show_player.php?id=42167
Hugo Gaston,http://www.asapsports.com/show_player.php?id=39214
Hunter Reese,http://www.asapsports.com/show_player.php?id=43400
Iga Swiatec,http://www.asapsports.com/show_player.php?id=44980
Iga Swiatek,http://www.asapsports.com/show_player.php?id=35755
Inigo Cervantes,http://www.asapsports.com/show_player.php?id=49455
Irina-Camelia Begu,http://www.asapsports.com/show_player.php?id=31257
Isabella Shinikova,http://www.asapsports.com/show_player.php?id=43413
Iva Jovic,http://www.asapsports.com/show_player.php?id=49493
Iva Majoli,http://www.asapsports.com/show_player.php?id=10421
Ivan Dodig,http://www.asapsports.com/show_player.php?id=22550
Ivan Ivanov,http://www.asapsports.com/show_player.php?id=48677
Ivan Ljubicic,http://www.asapsports.com/show_player.php?id=10258
Ivan Nedelko,http://www.asapsports.com/show_player.php?id=38585
Ivan Sabanov,http://www.asapsports.com/show_player.php?id=41066
Izyan Ahmad,http://www.asapsports.com/show_player.php?id=41539
J.J. Wolf,http://www.asapsports.com/show_player.php?id=39158
Jack Draper,http://www.asapsports.com/show_player.php?id=35752
Jack Pinnington,http://www.asapsports.com/show_player.php?id=48684
Jack Pinnington Jones,http://www.asapsports.com/show_player.php?id=48682
Jack Sock,http://www.asapsports.com/show_player.php?id=21295
Jacob Fearnley,http://www.asapsports.com/show_player.php?id=46797
Jade Moreira Lanai,http://www.asapsports.com/show_player.php?id=42756
Jaimee Fourlis,http://www.asapsports.com/show_player.php?id=32546
Jakub Mensik,http://www.asapsports.com/show_player.php?id=45021
Jakub Paul,http://www.asapsports.com/show_player.php?id=47520
James Duckworth,http://www.asapsports.com/show_player.php?id=23166
James McCabe,http://www.asapsports.com/show_player.php?id=47570
James Trotman,http://www.asapsports.com/show_player.php?id=47019
James Ward,http://www.asapsports.com/show_player.php?id=18634
Jamie Murray,http://www.asapsports.com/show_player.php?id=17329
Jan Choinski,http://www.asapsports.com/show_player.php?id=43435
Jan Zielinski,http://www.asapsports.com/show_player.php?id=41060
Jan Zielisnki,http://www.asapsports.com/show_player.php?id=45595
Jan-Lennard Struff,http://www.asapsports.com/show_player.php?id=34589
Janice Tjen,http://www.asapsports.com/show_player.php?id=48897
Jannik Sinner,http://www.asapsports.com/show_player.php?id=37293
Jaqueline Cristian,http://www.asapsports.com/show_player.php?id=47256
Jarkko Nieminen,http://www.asapsports.com/show_player.php?id=12373
Jaroslav Blazek,http://www.asapsports.com/show_player.php?id=45045
Jaroslav Navratil,http://www.asapsports.com/show_player.php?id=20269
Jasmine Paolini,http://www.asapsports.com/show_player.php?id=39495
Jason Kubler,http://www.asapsports.com/show_player.php?id=39505
Jason Stacy,http://www.asapsports.com/show_player.php?id=43488
Jaume Munar,http://www.asapsports.com/show_player.php?id=36208
Javier Frana,http://www.asapsports.com/show_player.php?id=12637
Jay Clarke,http://www.asapsports.com/show_player.php?id=33904
Jean-Francois Vilotte,http://www.asapsports.com/show_player.php?id=39205
Jean-Julien Rojer,http://www.asapsports.com/show_player.php?id=27292
Jean-Yves Fillion,http://www.asapsports.com/show_player.php?id=41537
Jeff Coetzee,http://www.asapsports.com/show_player.php?id=38522
Jelena Ostapenko,http://www.asapsports.com/show_player.php?id=27432
Jeline Vandromme,http://www.asapsports.com/show_player.php?id=48895
Jennifer Brady,http://www.asapsports.com/show_player.php?id=32543
Jenson Brooksby,http://www.asapsports.com/show_player.php?id=40346
Jeremy Chardy,http://www.asapsports.com/show_player.php?id=19757
Jesika Maleckova,http://www.asapsports.com/show_player.php?id=43439
Jesper de Jong,http://www.asapsports.com/show_player.php?id=47270
Jessica Bouzas,http://www.asapsports.com/show_player.php?id=48929
Jessica Bouzas Maneiro,http://www.asapsports.com/show_player.php?id=43446
Jessica Pegula,http://www.asapsports.com/show_player.php?id=37217
Jessika Ponchet,http://www.asapsports.com/show_player.php?id=35625
Ji-Sung Nam,http://www.asapsports.com/show_player.php?id=42796
JiSung Nam,http://www.asapsports.com/show_player.php?id=42776
Jiang Xinyu,http://www.asapsports.com/show_player.php?id=48926
Jil Teichmann,http://www.asapsports.com/show_player.php?id=39517
Jiri Lahecka,http://www.asapsports.com/show_player.php?id=45369
Jiri Lehecka,http://www.asapsports.com/show_player.php?id=40824
Jiri Novak,http://www.asapsports.com/show_player.php?id=12380
Jiri Vanek,http://www.asapsports.com/show_player.php?id=36111
Jiri Vesely,http://www.asapsports.com/show_player.php?id=21706
Jiske Griffioen,http://www.asapsports.com/show_player.php?id=45635
Jo Wilfried Tsonga,http://www.asapsports.com/show_player.php?id=48912
Jo-Wilfried Tsonga,http://www.asapsports.com/show_player.php?id=16781
Joachim Gerard,http://www.asapsports.com/show_player.php?id=39511
Joanne Zuger,http://www.asapsports.com/show_player.php?id=43432
Joao Fonseca,http://www.asapsports.com/show_player.php?id=45056
Jodie Burrage,http://www.asapsports.com/show_player.php?id=40192
Joe Salisbury,http://www.asapsports.com/show_player.php?id=36547
Johan Van Herck,http://www.asapsports.com/show_player.php?id=11894
Johanna Konta,http://www.asapsports.com/show_player.php?id=24202
John Isner,http://www.asapsports.com/show_player.php?id=17453
John McEnroe,http://www.asapsports.com/show_player.php?id=10516
John Millman,http://www.asapsports.com/show_player.php?id=24598
John Peers,http://www.asapsports.com/show_player.php?id=27340
John-Patrick Smith,http://www.asapsports.com/show_player.php?id=47559
Joran Vliegen,http://www.asapsports.com/show_player.php?id=35265
Jordan Lee,http://www.asapsports.com/show_player.php?id=50737
Jordan Thompson,http://www.asapsports.com/show_player.php?id=26384
Jorge Aguilar,http://www.asapsports.com/show_player.php?id=41067
Jorge Aguirre,http://www.asapsports.com/show_player.php?id=45589
Jorge Fernandez,http://www.asapsports.com/show_player.php?id=40442
Jose Acasuso,http://www.asapsports.com/show_player.php?id=16229
Jose Antonio Sanchez de Luna,http://www.asapsports.com/show_player.php?id=47523
Jose Maria Arrabal,http://www.asapsports.com/show_player.php?id=45033
Jose Placido,http://www.asapsports.com/show_player.php?id=47891
Joseph Salisbury,http://www.asapsports.com/show_player.php?id=40807
Juan Carlos Prado Angelo,http://www.asapsports.com/show_player.php?id=44675
Juan Ignacio Londero,http://www.asapsports.com/show_player.php?id=37597
Juan Manuel Cerundolo,http://www.asapsports.com/show_player.php?id=50610
Juan Martin Fumeaux,http://www.asapsports.com/show_player.php?id=38590
Juan Pablo Guzman,http://www.asapsports.com/show_player.php?id=39212
Juan Pablo Varillas,http://www.asapsports.com/show_player.php?id=44637
Juan Sebastian Cabal,http://www.asapsports.com/show_player.php?id=32537
Juan-Sebastian Cabal,http://www.asapsports.com/show_player.php?id=38256
Judy Dalton,http://www.asapsports.com/show_player.php?id=48904
Jule Niemeier,http://www.asapsports.com/show_player.php?id=42141
Julian Cash,http://www.asapsports.com/show_player.php?id=48679
Julien Benneteau,http://www.asapsports.com/show_player.php?id=10503
Jurgen Melzer,http://www.asapsports.com/show_player.php?id=11471
Jurij Rodionov,http://www.asapsports.com/show_player.php?id=39230
Kacper Zuk,http://www.asapsports.com/show_player.php?id=38534
Kai Wehnelt,http://www.asapsports.com/show_player.php?id=45593
Kaia Kanepi,http://www.asapsports.com/show_player.php?id=21144
Kaja Juvan,http://www.asapsports.com/show_player.php?id=39227
Kamil Majchrzak,http://www.asapsports.com/show_player.php?id=38535
Kareem Al Allaf,http://www.asapsports.com/show_player.php?id=43543
Karen Khachanov,http://www.asapsports.com/show_player.php?id=33693
Karl Hale,http://www.asapsports.com/show_player.php?id=17488
Karolina Muchova,http://www.asapsports.com/show_player.php?id=37743
Karolina Pliskova,http://www.asapsports.com/show_player.php?id=20447
Kasidit Samrej,http://www.asapsports.com/show_player.php?id=47567
Katarina Siniakova,http://www.asapsports.com/show_player.php?id=39509
Katarina Zavatska,http://www.asapsports.com/show_player.php?id=42057
Katarzyna Kawa,http://www.asapsports.com/show_player.php?id=43125
Katarzyna Piter,http://www.asapsports.com/show_player.php?id=45596
Katerina Siniakova,http://www.asapsports.com/show_player.php?id=33387
Katherine Hui,http://www.asapsports.com/show_player.php?id=45055
Kathy Rinaldi,http://www.asapsports.com/show_player.php?id=32266
Katie Boulter,http://www.asapsports.com/show_player.php?id=33907
Katie Swan,http://www.asapsports.com/show_player.php?id=28183
Katie Volynets,http://www.asapsports.com/show_player.php?id=43493
Katrina Adams,http://www.asapsports.com/show_player.php?id=28862
Kayla Cross,http://www.asapsports.com/show_player.php?id=48822
Kayla Day,http://www.asapsports.com/show_player.php?id=31782
Kaylan Bigun,http://www.asapsports.com/show_player.php?id=46629
Kei Nishikori,http://www.asapsports.com/show_player.php?id=17997
Kent Kinnear,http://www.asapsports.com/show_player.php?id=12555
Kevin Anderson,http://www.asapsports.com/show_player.php?id=18453
Kevin Krawietz,http://www.asapsports.com/show_player.php?id=37593
Kgothatso Montjane,http://www.asapsports.com/show_player.php?id=44683
Khololwam Montsi,http://www.asapsports.com/show_player.php?id=38523
Kiki Bertens,http://www.asapsports.com/show_player.php?id=27293
Kim Birrell,http://www.asapsports.com/show_player.php?id=45578
Kim Clijsters,http://www.asapsports.com/show_player.php?id=11809
Kimberley Birrell,http://www.asapsports.com/show_player.php?id=45332
Kimberly Birrell,http://www.asapsports.com/show_player.php?id=36448
Kimberly Zimmermann,http://www.asapsports.com/show_player.php?id=46360
Kimmer Coppejans,http://www.asapsports.com/show_player.php?id=29909
Kirsten Flipkens,http://www.asapsports.com/show_player.php?id=31261
Konstantin Kravchuk,http://www.asapsports.com/show_player.php?id=38584
Kristie Ahn,http://www.asapsports.com/show_player.php?id=37966
Kristina Mladenovic,http://www.asapsports.com/show_player.php?id=25724
Kristy Pigeon,http://www.asapsports.com/show_player.php?id=48911
Ksenia Chasteau,http://www.asapsports.com/show_player.php?id=46632
Ksenia Efremova,http://www.asapsports.com/show_player.php?id=49488
Kveta Peschke,http://www.asapsports.com/show_player.php?id=20828
Kyle Edmund,http://www.asapsports.com/show_player.php?id=25598
Kyumoyun Sultanov,http://www.asapsports.com/show_player.php?id=38932
Lara Salden,http://www.asapsports.com/show_player.php?id=49452
Lars Graff,http://www.asapsports.com/show_player.php?id=45160
Laslo Djere,http://www.asapsports.com/show_player.php?id=37599
Laura Pigossi,http://www.asapsports.com/show_player.php?id=43416
Laura Siegemund,http://www.asapsports.com/show_player.php?id=31783
Laura Siegmund,http://www.asapsports.com/show_player.php?id=43492
Lauren Davis,http://www.asapsports.com/show_player.php?id=25226
Leander Paes,http://www.asapsports.com/show_player.php?id=12279
Leandro Riedi,http://www.asapsports.com/show_player.php?id=39208
Learner Tien,http://www.asapsports.com/show_player.php?id=47561
Lena Papadakis,http://www.asapsports.com/show_player.php?id=47513
Leolia Jeanjean,http://www.asapsports.com/show_player.php?id=42143
Leon Smith,http://www.asapsports.com/show_player.php?id=26374
Lesia Tsurenko,http://www.asapsports.com/show_player.php?id=24621
Lesley Pattinama Kerkhove,http://www.asapsports.com/show_player.php?id=42480
Leyla Fernandez,http://www.asapsports.com/show_player.php?id=44975
Leylah Fernandez,http://www.asapsports.com/show_player.php?id=37840
Leylah Fernendez,http://www.asapsports.com/show_player.php?id=39223
Leyre Romero,http://www.asapsports.com/show_player.php?id=48928
Leyton Rivera,http://www.asapsports.com/show_player.php?id=38630
Li Tu,http://www.asapsports.com/show_player.php?id=47539
Li Xiaohui,http://www.asapsports.com/show_player.php?id=49489
Li Xuhua,http://www.asapsports.com/show_player.php?id=49001
Liam Broady,http://www.asapsports.com/show_player.php?id=21148
Liam Draxl,http://www.asapsports.com/show_player.php?id=47517
Liam Smith,http://www.asapsports.com/show_player.php?id=50613
Lilli Tagger,http://www.asapsports.com/show_player.php?id=48531
Lilly Haseth,http://www.asapsports.com/show_player.php?id=43445
Lin Zhu,http://www.asapsports.com/show_player.php?id=27683
Linda Fruhvirtova,http://www.asapsports.com/show_player.php?id=41983
Linda Noskova,http://www.asapsports.com/show_player.php?id=40059
Lindsay Davenport,http://www.asapsports.com/show_player.php?id=12553
Liu Xingrun,http://www.asapsports.com/show_player.php?id=45164
Liudmila Samsanova,http://www.asapsports.com/show_player.php?id=44986
Liudmila Samsonova,http://www.asapsports.com/show_player.php?id=42652
Liv Hovde,http://www.asapsports.com/show_player.php?id=42477
Lleyton Hewitt,http://www.asapsports.com/show_player.php?id=12589
Lloyd Glasspool,http://www.asapsports.com/show_player.php?id=48680
Lloyd Harris,http://www.asapsports.com/show_player.php?id=38525
Lois Boisson,http://www.asapsports.com/show_player.php?id=48532
Lorenzo Giustino,http://www.asapsports.com/show_player.php?id=39228
Lorenzo Musetti,http://www.asapsports.com/show_player.php?id=36486
Lorenzo Sonego,http://www.asapsports.com/show_player.php?id=37268
Lu Wenyu,http://www.asapsports.com/show_player.php?id=49003
Luca Castelnuovo,http://www.asapsports.com/show_player.php?id=49430
Luca Nardi,http://www.asapsports.com/show_player.php?id=45864
Luca Van Assche,http://www.asapsports.com/show_player.php?id=40060
Lucas Catarina,http://www.asapsports.com/show_player.php?id=39809
Lucas Pouille,http://www.asapsports.com/show_player.php?id=27300
Lucas Van Assche,http://www.asapsports.com/show_player.php?id=44593
Lucciana Perez Alarcon,http://www.asapsports.com/show_player.php?id=44676
Lucia Bronzetti,http://www.asapsports.com/show_player.php?id=42155
Luciano Darderi,http://www.asapsports.com/show_player.php?id=46635
Lucie Havlickova,http://www.asapsports.com/show_player.php?id=42280
Lucija Ciric Bagaric,http://www.asapsports.com/show_player.php?id=47516
Lucrezia Stefanini,http://www.asapsports.com/show_player.php?id=45324
Luis Guto Miguel,http://www.asapsports.com/show_player.php?id=50608
Luisa Stefani,http://www.asapsports.com/show_player.php?id=40393
Luka Kutanjac,http://www.asapsports.com/show_player.php?id=38526
Luka Mikrut,http://www.asapsports.com/show_player.php?id=47515
Lukas Hellum Lilleengen,http://www.asapsports.com/show_player.php?id=38629
Lukas Hellum-Lilleengen,http://www.asapsports.com/show_player.php?id=41073
Lukasz Kubot,http://www.asapsports.com/show_player.php?id=20249
Luke Saville,http://www.asapsports.com/show_player.php?id=22465
Lulu Sun,http://www.asapsports.com/show_player.php?id=46796
Lyudmyla Kichenok,http://www.asapsports.com/show_player.php?id=42063
Mackenzie McDonald,http://www.asapsports.com/show_player.php?id=25818
Maddison Inglis,http://www.asapsports.com/show_player.php?id=41093
Madison Keys,http://www.asapsports.com/show_player.php?id=22636
Magali Kempen,http://www.asapsports.com/show_player.php?id=43418
Magda Linette,http://www.asapsports.com/show_player.php?id=30258
Magdalena Frech,http://www.asapsports.com/show_player.php?id=43119
Mai Hontama,http://www.asapsports.com/show_player.php?id=42486
Maia Lumsden,http://www.asapsports.com/show_player.php?id=45597
Maile Chang,http://www.asapsports.com/show_player.php?id=49491
Maja Chwalinska,http://www.asapsports.com/show_player.php?id=47250
Makato Ninomiya,http://www.asapsports.com/show_player.php?id=41091
Makoto Ninomiya,http://www.asapsports.com/show_player.php?id=41122
Malek Jaziri,http://www.asapsports.com/show_player.php?id=23080
Malene Helgo,http://www.asapsports.com/show_player.php?id=43443
Mananchaya Sawangkaew,http://www.asapsports.com/show_player.php?id=50741
Manuel Guinard,http://www.asapsports.com/show_player.php?id=43417
Marat Safin,http://www.asapsports.com/show_player.php?id=11988
Marc Lopez,http://www.asapsports.com/show_player.php?id=20829
Marc Polmans,http://www.asapsports.com/show_player.php?id=49490
Marc-Andrea Huesler,http://www.asapsports.com/show_player.php?id=43429
Marcel Granollers,http://www.asapsports.com/show_player.php?id=22468
Marcelo Arevalo,http://www.asapsports.com/show_player.php?id=42272
Marcelo Tomas Barrios Vera,http://www.asapsports.com/show_player.php?id=38513
Marcin Matkowski,http://www.asapsports.com/show_player.php?id=20244
Marco Bortolotti,http://www.asapsports.com/show_player.php?id=43402
Marco Cecchinato,http://www.asapsports.com/show_player.php?id=31262
Marco Trungelliti,http://www.asapsports.com/show_player.php?id=35627
Marcos Giron,http://www.asapsports.com/show_player.php?id=36696
Mardy Fish,http://www.asapsports.com/show_player.php?id=10708
Marek Gengel,http://www.asapsports.com/show_player.php?id=47506
Maria Carle,http://www.asapsports.com/show_player.php?id=43427
Maria Garcia,http://www.asapsports.com/show_player.php?id=47572
Maria Lourdes Carle,http://www.asapsports.com/show_player.php?id=47500
Maria Sakkari,http://www.asapsports.com/show_player.php?id=34125
Maria Sharapova,http://www.asapsports.com/show_player.php?id=12110
Maria Timofeeva,http://www.asapsports.com/show_player.php?id=45638
Marian Vajda,http://www.asapsports.com/show_player.php?id=40056
Mariano Navone,http://www.asapsports.com/show_player.php?id=48537
Marie Benoit,http://www.asapsports.com/show_player.php?id=46359
Marie Bouzkova,http://www.asapsports.com/show_player.php?id=27635
Marin Cilic,http://www.asapsports.com/show_player.php?id=17331
Marina Bassols Ribera,http://www.asapsports.com/show_player.php?id=45326
Marina Stakusic,http://www.asapsports.com/show_player.php?id=44982
Marina Storti,http://www.asapsports.com/show_player.php?id=47216
Marion Maruska,http://www.asapsports.com/show_player.php?id=44432
Marjan Cuk,http://www.asapsports.com/show_player.php?id=40066
Mark Ein,http://www.asapsports.com/show_player.php?id=37838
Mark Woodforde,http://www.asapsports.com/show_player.php?id=10705
Marketa Vondrousova,http://www.asapsports.com/show_player.php?id=33389
Markos Kalovelonis,http://www.asapsports.com/show_player.php?id=38531
Marta Kostyuk,http://www.asapsports.com/show_player.php?id=32539
Martin Blackman,http://www.asapsports.com/show_player.php?id=28863
Martin Cuevas,http://www.asapsports.com/show_player.php?id=38591
Martin Landaluce,http://www.asapsports.com/show_player.php?id=42759
Martin de la Puente,http://www.asapsports.com/show_player.php?id=42763
Martina Trevisan,http://www.asapsports.com/show_player.php?id=39211
Martina Trevison,http://www.asapsports.com/show_player.php?id=47265
Martina Trevsian,http://www.asapsports.com/show_player.php?id=43409
Marton Fucsovics,http://www.asapsports.com/show_player.php?id=39220
Maryna Zanevska,http://www.asapsports.com/show_player.php?id=41076
Mate Pavic,http://www.asapsports.com/show_player.php?id=31784
Matej Liptak,http://www.asapsports.com/show_player.php?id=43101
Matej Sabanov,http://www.asapsports.com/show_player.php?id=41065
Mateusz Terczynski,http://www.asapsports.com/show_player.php?id=47491
Matija Pecotic,http://www.asapsports.com/show_player.php?id=43420
Mats Moraing,http://www.asapsports.com/show_player.php?id=38625
Matteo Arnaldi,http://www.asapsports.com/show_player.php?id=45036
Matteo Berrettini,http://www.asapsports.com/show_player.php?id=37606
Matteo Gigante,http://www.asapsports.com/show_player.php?id=47503
Matthew Ebden,http://www.asapsports.com/show_player.php?id=22333
Mattia Bellucci,http://www.asapsports.com/show_player.php?id=46903
Max Basing,http://www.asapsports.com/show_player.php?id=50743
Max Mirnyi,http://www.asapsports.com/show_player.php?id=11583
Max Purcell,http://www.asapsports.com/show_player.php?id=40138
Maxime Cressy,http://www.asapsports.com/show_player.php?id=40446
Maximilian Marterer,http://www.asapsports.com/show_player.php?id=35622
Maximilian Taucher,http://www.asapsports.com/show_player.php?id=46633
Maximo Gonzalez,http://www.asapsports.com/show_player.php?id=38268
Maya Joint,http://www.asapsports.com/show_player.php?id=47489
Mayar Sherif,http://www.asapsports.com/show_player.php?id=39226
McCartney Kessler,http://www.asapsports.com/show_player.php?id=48924
Mia Kupres,http://www.asapsports.com/show_player.php?id=46959
Mia Pohankova,http://www.asapsports.com/show_player.php?id=48678
Micah Chang,http://www.asapsports.com/show_player.php?id=49492
Michael Geerts,http://www.asapsports.com/show_player.php?id=43419
Michael Geserer,http://www.asapsports.com/show_player.php?id=39510
Michael Kohlmann,http://www.asapsports.com/show_player.php?id=38250
Michael Luevano,http://www.asapsports.com/show_player.php?id=18994
Michael Mmoh,http://www.asapsports.com/show_player.php?id=43490
Michael Phelps,http://www.asapsports.com/show_player.php?id=45049
Michael Russell,http://www.asapsports.com/show_player.php?id=17509
Michael Venus,http://www.asapsports.com/show_player.php?id=33688
Michael Zheng,http://www.asapsports.com/show_player.php?id=49496
Michail Pervolarakis,http://www.asapsports.com/show_player.php?id=38532
Miguel Sanchez,http://www.asapsports.com/show_player.php?id=49454
Mihaela Buzarnescu,http://www.asapsports.com/show_player.php?id=35623
Mika Stojsavljevic,http://www.asapsports.com/show_player.php?id=47017
Mikael Torpegaard,http://www.asapsports.com/show_player.php?id=39518
Mikael Ymer,http://www.asapsports.com/show_player.php?id=38226
Mike Bryan,http://www.asapsports.com/show_player.php?id=10707
Mike Dowse,http://www.asapsports.com/show_player.php?id=39046
Mike Russell,http://www.asapsports.com/show_player.php?id=47020
Mikhail Kukushkin,http://www.asapsports.com/show_player.php?id=23163
Mili Poljicak,http://www.asapsports.com/show_player.php?id=42476
Milos Raonic,http://www.asapsports.com/show_player.php?id=20013
Min-Kyu Song,http://www.asapsports.com/show_player.php?id=42795
MinKyu Song,http://www.asapsports.com/show_player.php?id=42777
Mina Hodzic,http://www.asapsports.com/show_player.php?id=49439
Mingge Xu,http://www.asapsports.com/show_player.php?id=48686
Miomar Kecmanovic,http://www.asapsports.com/show_player.php?id=41125
Miomir Kecmanovic,http://www.asapsports.com/show_player.php?id=36763
Miriam Skoch,http://www.asapsports.com/show_player.php?id=49437
Mirra Andreeva,http://www.asapsports.com/show_player.php?id=44574
Misaki Doi,http://www.asapsports.com/show_player.php?id=22417
Mischa Zverev,http://www.asapsports.com/show_player.php?id=32542
Miyu Kato,http://www.asapsports.com/show_player.php?id=44667
Mohamed Safwat,http://www.asapsports.com/show_player.php?id=35633
Moise Kouame,http://www.asapsports.com/show_player.php?id=50611
Momoko Ohtani,http://www.asapsports.com/show_player.php?id=39513
Monica Niculescu,http://www.asapsports.com/show_player.php?id=22663
Moyuka Uchijima,http://www.asapsports.com/show_player.php?id=47254
Nadia Podoroska,http://www.asapsports.com/show_player.php?id=39209
Nadiia Kichenok,http://www.asapsports.com/show_player.php?id=42064
Naima Karamoko,http://www.asapsports.com/show_player.php?id=49431
Nao Hibino,http://www.asapsports.com/show_player.php?id=39520
Naomi Osaka,http://www.asapsports.com/show_player.php?id=29753
Nastasja Schunk,http://www.asapsports.com/show_player.php?id=42157
Natalija Stevanovic,http://www.asapsports.com/show_player.php?id=45587
Nathalie Tauziat,http://www.asapsports.com/show_player.php?id=12077
Neal Skupski,http://www.asapsports.com/show_player.php?id=38258
Nenad Zimonjic,http://www.asapsports.com/show_player.php?id=12283
Nick Kyrgios,http://www.asapsports.com/show_player.php?id=24675
Nicolai Budkov Kjaer,http://www.asapsports.com/show_player.php?id=46794
Nicolas Arseneault,http://www.asapsports.com/show_player.php?id=48817
Nicolas Barrientos,http://www.asapsports.com/show_player.php?id=41199
Nicolas Copin,http://www.asapsports.com/show_player.php?id=41070
Nicolas Escude,http://www.asapsports.com/show_player.php?id=12590
Nicolas Jarry,http://www.asapsports.com/show_player.php?id=36000
Nicolas Mahut,http://www.asapsports.com/show_player.php?id=15942
Nicolas Massu,http://www.asapsports.com/show_player.php?id=10691
Nicolas Mejia,http://www.asapsports.com/show_player.php?id=40820
Nicolas Peifer,http://www.asapsports.com/show_player.php?id=42762
Nicole Fossa Huergo,http://www.asapsports.com/show_player.php?id=49445
Nicole Melichar,http://www.asapsports.com/show_player.php?id=35751
Nicole Melichar-Martinez,http://www.asapsports.com/show_player.php?id=49432
Nicole Pratt,http://www.asapsports.com/show_player.php?id=12328
Niels McDonald,http://www.asapsports.com/show_player.php?id=48530
Niels Vink,http://www.asapsports.com/show_player.php?id=42283
Nigel Sears,http://www.asapsports.com/show_player.php?id=15210
Nikola Cacic,http://www.asapsports.com/show_player.php?id=38632
Nikola Mektic,http://www.asapsports.com/show_player.php?id=35329
Nikola Millojevic,http://www.asapsports.com/show_player.php?id=38633
Nikola Milojevic,http://www.asapsports.com/show_player.php?id=38673
Nikoloz Basilashvili,http://www.asapsports.com/show_player.php?id=33696
Nina Potocnik,http://www.asapsports.com/show_player.php?id=45329
Nino Serdarusic,http://www.asapsports.com/show_player.php?id=40822
Nishesh Basavareddy,http://www.asapsports.com/show_player.php?id=42765
Nishioka Yoshihito,http://www.asapsports.com/show_player.php?id=43496
Noma Noha Akugue,http://www.asapsports.com/show_player.php?id=50409
Novak Djokovic,http://www.asapsports.com/show_player.php?id=12618
Nuno Borges,http://www.asapsports.com/show_player.php?id=45637
Nuria Brancaccio,http://www.asapsports.com/show_player.php?id=49450
Nuria Parrizas Diaz,http://www.asapsports.com/show_player.php?id=43123
Nuria Parrizas-Diaz,http://www.asapsports.com/show_player.php?id=41077
Oceane Dodin,http://www.asapsports.com/show_player.php?id=29195
Ola Malmqvist,http://www.asapsports.com/show_player.php?id=34096
Oleksandra Oliynykova,http://www.asapsports.com/show_player.php?id=49498
Olga Danilovic,http://www.asapsports.com/show_player.php?id=44599
Olga Savchuk,http://www.asapsports.com/show_player.php?id=42058
Olimjon Nabiev,http://www.asapsports.com/show_player.php?id=38933
Oliver Marach,http://www.asapsports.com/show_player.php?id=20248
Oliver Tarvet,http://www.asapsports.com/show_player.php?id=48683
Olivia Gadecki,http://www.asapsports.com/show_player.php?id=39524
Olivia Nicholls,http://www.asapsports.com/show_player.php?id=43106
Omar Jasika,http://www.asapsports.com/show_player.php?id=27634
Ons Jabeur,http://www.asapsports.com/show_player.php?id=32596
Oscar Otte,http://www.asapsports.com/show_player.php?id=40197
Otto Virtanen,http://www.asapsports.com/show_player.php?id=45371
Ozan Baris,http://www.asapsports.com/show_player.php?id=42764
Pablo Andujar,http://www.asapsports.com/show_player.php?id=25415
Pablo Carreno Busta,http://www.asapsports.com/show_player.php?id=31957
Pablo Carreno-Busta,http://www.asapsports.com/show_player.php?id=39497
Pablo Cuevas,http://www.asapsports.com/show_player.php?id=22158
Paolo Lorenzi,http://www.asapsports.com/show_player.php?id=38627
Pat Rafter,http://www.asapsports.com/show_player.php?id=47562
Patricia Maria Tig,http://www.asapsports.com/show_player.php?id=39218
Patrick Kaukovalta,http://www.asapsports.com/show_player.php?id=45372
Patrick McEnroe,http://www.asapsports.com/show_player.php?id=10488
Patrick Mouratoglou,http://www.asapsports.com/show_player.php?id=36493
Patrick Zahraj,http://www.asapsports.com/show_player.php?id=49438
Patrik Niklas-Salminen,http://www.asapsports.com/show_player.php?id=45373
Patrik Rikl,http://www.asapsports.com/show_player.php?id=47507
Paul Capdeville,http://www.asapsports.com/show_player.php?id=38512
Paul Haarhuis,http://www.asapsports.com/show_player.php?id=12468
Paul Jubb,http://www.asapsports.com/show_player.php?id=37687
Paul McNamee,http://www.asapsports.com/show_player.php?id=15215
Paula Badosa,http://www.asapsports.com/show_player.php?id=39222
Peaches Bartkowicz,http://www.asapsports.com/show_player.php?id=48910
Pedro Martinez,http://www.asapsports.com/show_player.php?id=39221
Peggy Michel,http://www.asapsports.com/show_player.php?id=41538
Pepe Vendrell,http://www.asapsports.com/show_player.php?id=39494
Pere Riba,http://www.asapsports.com/show_player.php?id=45636
Peter Ayers,http://www.asapsports.com/show_player.php?id=47021
Peter Gojowczyk,http://www.asapsports.com/show_player.php?id=26310
Peter Polansky,http://www.asapsports.com/show_player.php?id=15293
Petr Brunclik,http://www.asapsports.com/show_player.php?id=48902
Petr Pala,http://www.asapsports.com/show_player.php?id=22802
Petra Kvitova,http://www.asapsports.com/show_player.php?id=20070
Petra Marcinko,http://www.asapsports.com/show_player.php?id=41117
Petra Martic,http://www.asapsports.com/show_player.php?id=21078
Petros Tsitsipas,http://www.asapsports.com/show_player.php?id=38530
Peyton Stearns,http://www.asapsports.com/show_player.php?id=44972
Philipp Kohlschreiber,http://www.asapsports.com/show_player.php?id=17965
Philipp Oswald,http://www.asapsports.com/show_player.php?id=39500
Pierre Fitzgibbon,http://www.asapsports.com/show_player.php?id=46961
Pierre Hugues Herbert,http://www.asapsports.com/show_player.php?id=48536
Pierre-Hugues Herbert,http://www.asapsports.com/show_player.php?id=27306
Piotr Sierzputowski,http://www.asapsports.com/show_player.php?id=39215
Polina Kudermetova,http://www.asapsports.com/show_player.php?id=47487
Portia Archer,http://www.asapsports.com/show_player.php?id=47215
Priscilla Hon,http://www.asapsports.com/show_player.php?id=36472
Qinwen Zheng,http://www.asapsports.com/show_player.php?id=41121
Quentin Halys,http://www.asapsports.com/show_player.php?id=29189
Radu Albot,http://www.asapsports.com/show_player.php?id=35632
Rafael Jodar,http://www.asapsports.com/show_player.php?id=47018
Rafael Matos,http://www.asapsports.com/show_player.php?id=43415
Rafael Nadal,http://www.asapsports.com/show_player.php?id=12336
Rafael Paciaroni,http://www.asapsports.com/show_player.php?id=43414
Rainer Schuettler,http://www.asapsports.com/show_player.php?id=12186
Rajeev Ram,http://www.asapsports.com/show_player.php?id=31698
Ramkumar Ramanathan,http://www.asapsports.com/show_player.php?id=40352
Raphael Collignol,http://www.asapsports.com/show_player.php?id=49184
Raphael Collignon,http://www.asapsports.com/show_player.php?id=49161
Raul Viver,http://www.asapsports.com/show_player.php?id=40819
Raven Klaasen,http://www.asapsports.com/show_player.php?id=33264
Rebecca Marino,http://www.asapsports.com/show_player.php?id=22546
Rebecca Peterson,http://www.asapsports.com/show_player.php?id=41124
Rebecca Sramkova,http://www.asapsports.com/show_player.php?id=47259
Rebeka Masarova,http://www.asapsports.com/show_player.php?id=31255
Rei Sakamoto,http://www.asapsports.com/show_player.php?id=45633
Reilly Opelka,http://www.asapsports.com/show_player.php?id=29305
Remy Bertola,http://www.asapsports.com/show_player.php?id=47519
Renata Jamrichova,http://www.asapsports.com/show_player.php?id=45634
Renata Zarazua,http://www.asapsports.com/show_player.php?id=48896
Renzo Furlan,http://www.asapsports.com/show_player.php?id=12641
Ricardas Berankis,http://www.asapsports.com/show_player.php?id=17561
Richard Evans,http://www.asapsports.com/show_player.php?id=46830
Richard Gasquet,http://www.asapsports.com/show_player.php?id=12416
Richard Ruckelshausen,http://www.asapsports.com/show_player.php?id=39499
Rick Draney,http://www.asapsports.com/show_player.php?id=44889
Rinky Hijikata,http://www.asapsports.com/show_player.php?id=43484
Rob Galloway,http://www.asapsports.com/show_player.php?id=47490
Robbe Ceyssens,http://www.asapsports.com/show_player.php?id=39160
Robert Farah,http://www.asapsports.com/show_player.php?id=37303
Robert Lindstedt,http://www.asapsports.com/show_player.php?id=21255
Roberta Vinci,http://www.asapsports.com/show_player.php?id=20202
Roberto Bautista Agut,http://www.asapsports.com/show_player.php?id=26377
Roberto Carballes Baena,http://www.asapsports.com/show_player.php?id=39219
Roberto Quiroz,http://www.asapsports.com/show_player.php?id=40808
Robin Soderling,http://www.asapsports.com/show_player.php?id=12097
Rodrigo Pacheco Mendez,http://www.asapsports.com/show_player.php?id=44680
Roger Federer,http://www.asapsports.com/show_player.php?id=10440
Rohan Bopanna,http://www.asapsports.com/show_player.php?id=21294
Romain Arneodo,http://www.asapsports.com/show_player.php?id=44434
Roman Safiullin,http://www.asapsports.com/show_player.php?id=41063
Rosa Vicens Mas,http://www.asapsports.com/show_player.php?id=45591
Rosie Casals,http://www.asapsports.com/show_player.php?id=29328
Ross Hutchins,http://www.asapsports.com/show_player.php?id=19514
Ruan Roelofse,http://www.asapsports.com/show_player.php?id=38524
Ryan Peniston,http://www.asapsports.com/show_player.php?id=42482
Saba Purtseladze,http://www.asapsports.com/show_player.php?id=41069
Salvatore Caruso,http://www.asapsports.com/show_player.php?id=39515
Sam Querrey,http://www.asapsports.com/show_player.php?id=15306
Sam Schroder,http://www.asapsports.com/show_player.php?id=41118
Sam Schroeder,http://www.asapsports.com/show_player.php?id=42758
Sam Stosur,http://www.asapsports.com/show_player.php?id=36436
Samantha Stosur,http://www.asapsports.com/show_player.php?id=15211
Samir Banerjee,http://www.asapsports.com/show_player.php?id=40195
Sander Gille,http://www.asapsports.com/show_player.php?id=35266
Sandra Naef,http://www.asapsports.com/show_player.php?id=47502
Sania Mirza,http://www.asapsports.com/show_player.php?id=11585
Sanjar Fayziev,http://www.asapsports.com/show_player.php?id=38931
Santiago Gonzalez,http://www.asapsports.com/show_player.php?id=44394
Sapfo Sakellaridi,http://www.asapsports.com/show_player.php?id=43407
Sara Bejlek,http://www.asapsports.com/show_player.php?id=42286
Sara Errani,http://www.asapsports.com/show_player.php?id=20201
Sara Sorribes Tormo,http://www.asapsports.com/show_player.php?id=39739
Sascha Bajin,http://www.asapsports.com/show_player.php?id=35948
Satoshi Iwabuchi,http://www.asapsports.com/show_player.php?id=38259
Sean Cuenin,http://www.asapsports.com/show_player.php?id=40065
Sebastain Korda,http://www.asapsports.com/show_player.php?id=41200
Sebastian Baez,http://www.asapsports.com/show_player.php?id=40749
Sebastian Gutierrez,http://www.asapsports.com/show_player.php?id=49444
Sebastian Korda,http://www.asapsports.com/show_player.php?id=34623
Sebastian Ofner,http://www.asapsports.com/show_player.php?id=38520
Sebastian Sec,http://www.asapsports.com/show_player.php?id=41540
Sebastien Grosjean,http://www.asapsports.com/show_player.php?id=12463
Sebastien Korda,http://www.asapsports.com/show_player.php?id=42059
Sem Verbeek,http://www.asapsports.com/show_player.php?id=48681
Seong Chan Hong,http://www.asapsports.com/show_player.php?id=42769
Serena Williams,http://www.asapsports.com/show_player.php?id=11584
Sergi Bruguera,http://www.asapsports.com/show_player.php?id=10689
Sergio Martos Gornes,http://www.asapsports.com/show_player.php?id=47525
Shamil Tarpischev,http://www.asapsports.com/show_player.php?id=12076
Shamil Tarpishchev,http://www.asapsports.com/show_player.php?id=40828
Shang Jerry,http://www.asapsports.com/show_player.php?id=45087
Shang Juncheng,http://www.asapsports.com/show_player.php?id=43497
Sharon Fichman,http://www.asapsports.com/show_player.php?id=18730
Shelby Rogers,http://www.asapsports.com/show_player.php?id=25410
Shingo Kunieda,http://www.asapsports.com/show_player.php?id=34618
Shintaro Mochizuki,http://www.asapsports.com/show_player.php?id=37741
Shintaro Mochuzuki,http://www.asapsports.com/show_player.php?id=49435
Sho Shimabukuro,http://www.asapsports.com/show_player.php?id=44795
Shuai Zhang,http://www.asapsports.com/show_player.php?id=22458
Shuko Aoyama,http://www.asapsports.com/show_player.php?id=39489
Simona Halep,http://www.asapsports.com/show_player.php?id=22632
Simona Waltert,http://www.asapsports.com/show_player.php?id=43129
Simone Bolelli,http://www.asapsports.com/show_player.php?id=27426
Simone Vagnozzi,http://www.asapsports.com/show_player.php?id=45632
Sinja Kraus,http://www.asapsports.com/show_player.php?id=44433
Sloane Stephens,http://www.asapsports.com/show_player.php?id=20695
Sofia Costoulas,http://www.asapsports.com/show_player.php?id=41116
Sofia Kenin,http://www.asapsports.com/show_player.php?id=29520
Solana Sierra,http://www.asapsports.com/show_player.php?id=42279
Sonay Kartal,http://www.asapsports.com/show_player.php?id=42484
Soonwoo Kwon,http://www.asapsports.com/show_player.php?id=42771
Sorana Cirstea,http://www.asapsports.com/show_player.php?id=23167
Speaker Name,http://www.asapsports.com/show_player.php?id=41096
Stacey Allaster,http://www.asapsports.com/show_player.php?id=10354
Stacey Fung,http://www.asapsports.com/show_player.php?id=45594
Stan Wawrinka,http://www.asapsports.com/show_player.php?id=15439
Stefan Koubek,http://www.asapsports.com/show_player.php?id=12563
Stefan Kozlov,http://www.asapsports.com/show_player.php?id=26365
Stefano Cobolli,http://www.asapsports.com/show_player.php?id=49448
Stefano Travaglia,http://www.asapsports.com/show_player.php?id=38617
Stefano Vukov,http://www.asapsports.com/show_player.php?id=40068
Stefanos Sakellaridis,http://www.asapsports.com/show_player.php?id=43406
Stefanos Tsitsipas,http://www.asapsports.com/show_player.php?id=35337
Steve Darcis,http://www.asapsports.com/show_player.php?id=24140
Steve Johnson,http://www.asapsports.com/show_player.php?id=24194
Steve Zacks,http://www.asapsports.com/show_player.php?id=47041
Steven Diez,http://www.asapsports.com/show_player.php?id=38537
Storm Hunter,http://www.asapsports.com/show_player.php?id=45084
Storm Sanders,http://www.asapsports.com/show_player.php?id=26369
Su-Wei Hsieh,http://www.asapsports.com/show_player.php?id=17963
Sumit Nagal,http://www.asapsports.com/show_player.php?id=45639
Sun Fajing,http://www.asapsports.com/show_player.php?id=47528
Suzan Lamens,http://www.asapsports.com/show_player.php?id=49442
Svetlana Kuznetsova,http://www.asapsports.com/show_player.php?id=11587
Sylvain Bruneau,http://www.asapsports.com/show_player.php?id=37963
Szymon Walkow,http://www.asapsports.com/show_player.php?id=41061
Talia Gibson,http://www.asapsports.com/show_player.php?id=47571
Tallon Griekspoor,http://www.asapsports.com/show_player.php?id=41075
Tamara Korpatsch,http://www.asapsports.com/show_player.php?id=50615
Tamara Zidansek,http://www.asapsports.com/show_player.php?id=40063
Tamira Paszek,http://www.asapsports.com/show_player.php?id=17363
Tara Wurth,http://www.asapsports.com/show_player.php?id=43411
Taro Daniel,http://www.asapsports.com/show_player.php?id=31551
Tathiana Garbin,http://www.asapsports.com/show_player.php?id=12403
Tatjana Maria,http://www.asapsports.com/show_player.php?id=42478
Taylah Preston,http://www.asapsports.com/show_player.php?id=49499
Taylor Fritz,http://www.asapsports.com/show_player.php?id=29518
Taylor Townsend,http://www.asapsports.com/show_player.php?id=23154
Te Rigele,http://www.asapsports.com/show_player.php?id=49446
Telva McGruder,http://www.asapsports.com/show_player.php?id=45053
Tena Lukas,http://www.asapsports.com/show_player.php?id=45592
Tennys Sandgren,http://www.asapsports.com/show_player.php?id=34625
Terence Atmane,http://www.asapsports.com/show_player.php?id=50617
Tereza Mihalikova,http://www.asapsports.com/show_player.php?id=28184
Tereza Valentova,http://www.asapsports.com/show_player.php?id=46631
Teymuraz Gabashvili,http://www.asapsports.com/show_player.php?id=38586
Thanasi Kokkinakis,http://www.asapsports.com/show_player.php?id=24674
Theodoros Angelinos,http://www.asapsports.com/show_player.php?id=47514
Thiago Agustin Tirante,http://www.asapsports.com/show_player.php?id=47521
Thiago Monteiro,http://www.asapsports.com/show_player.php?id=39224
Thiago Seyboth Wild,http://www.asapsports.com/show_player.php?id=35947
Thomas Enqvist,http://www.asapsports.com/show_player.php?id=12588
Thomas Hogstedt,http://www.asapsports.com/show_player.php?id=39162
Thomas Muster,http://www.asapsports.com/show_player.php?id=12549
Tiantsoa Rakotomanga Rajaonah,http://www.asapsports.com/show_player.php?id=49453
Tim Henman,http://www.asapsports.com/show_player.php?id=10280
Tim Puetz,http://www.asapsports.com/show_player.php?id=40821
Tim van Rijthoven,http://www.asapsports.com/show_player.php?id=42479
Timea Babos,http://www.asapsports.com/show_player.php?id=28251
Timofey Skatov,http://www.asapsports.com/show_player.php?id=43421
Toby Samuel,http://www.asapsports.com/show_player.php?id=50739
Todd Martin,http://www.asapsports.com/show_player.php?id=10486
Todd Woodbridge,http://www.asapsports.com/show_player.php?id=12601
Tokito Oda,http://www.asapsports.com/show_player.php?id=44682
Tom Hill,http://www.asapsports.com/show_player.php?id=40067
Tomas Barrios Vera,http://www.asapsports.com/show_player.php?id=41068
Tomas Berdych,http://www.asapsports.com/show_player.php?id=10505
Tomas Carbonell,http://www.asapsports.com/show_player.php?id=41059
Tomas Etcheverry,http://www.asapsports.com/show_player.php?id=49182
Tomas Machac,http://www.asapsports.com/show_player.php?id=40823
Tomas Martin Etcheverry,http://www.asapsports.com/show_player.php?id=43428
Tomasz Wiktorowski,http://www.asapsports.com/show_player.php?id=45580
Tommy Haas,http://www.asapsports.com/show_player.php?id=12469
Tommy Paul,http://www.asapsports.com/show_player.php?id=29179
Tony Godsick,http://www.asapsports.com/show_player.php?id=30226
Torben Beltz,http://www.asapsports.com/show_player.php?id=45579
Toshihide Matsui,http://www.asapsports.com/show_player.php?id=38628
Tristan Boyer,http://www.asapsports.com/show_player.php?id=47566
Tristan Schoolkate,http://www.asapsports.com/show_player.php?id=47564
Tristan-Samuel Weissborn,http://www.asapsports.com/show_player.php?id=39501
Troicki Viktor,http://www.asapsports.com/show_player.php?id=45584
Tsvetana Pironkova,http://www.asapsports.com/show_player.php?id=12319
Tyra Caterina Grant,http://www.asapsports.com/show_player.php?id=48932
Tyra Grant,http://www.asapsports.com/show_player.php?id=48942
Ugo Humbert,http://www.asapsports.com/show_player.php?id=36181
Ulrikke Eikeri,http://www.asapsports.com/show_player.php?id=42271
Ulrikke Elkeri,http://www.asapsports.com/show_player.php?id=45583
Ulrikke Uikeri,http://www.asapsports.com/show_player.php?id=47505
Valentin Royer,http://www.asapsports.com/show_player.php?id=50614
Valentin Vacherot,http://www.asapsports.com/show_player.php?id=48277
Valentini Grammatikopoulou,http://www.asapsports.com/show_player.php?id=43405
Valerie Tetreault,http://www.asapsports.com/show_player.php?id=44984
Valérie Tétrault,http://www.asapsports.com/show_player.php?id=44985
Varvara Gracheva,http://www.asapsports.com/show_player.php?id=44796
Varvara Lepchenko,http://www.asapsports.com/show_player.php?id=24063
Vasek Pospisil,http://www.asapsports.com/show_player.php?id=21214
Vasek Posposil,http://www.asapsports.com/show_player.php?id=42658
Vedran Martic,http://www.asapsports.com/show_player.php?id=40806
Vendula Valdmannova,http://www.asapsports.com/show_player.php?id=47509
Venus Williams,http://www.asapsports.com/show_player.php?id=11958
Vera Zvonareva,http://www.asapsports.com/show_player.php?id=12614
Veronika Erjavec,http://www.asapsports.com/show_player.php?id=45330
Veronika Kudermetova,http://www.asapsports.com/show_player.php?id=39159
Victoria Azarenka,http://www.asapsports.com/show_player.php?id=10445
Victoria Jimenez Kasintseva,http://www.asapsports.com/show_player.php?id=38709
Victoria Mboko,http://www.asapsports.com/show_player.php?id=48533
Vijay Armitraj,http://www.asapsports.com/show_player.php?id=46829
Viktor Durasovic,http://www.asapsports.com/show_player.php?id=38600
Viktor Galovic,http://www.asapsports.com/show_player.php?id=38527
Viktor Troicki,http://www.asapsports.com/show_player.php?id=19888
Viktoria Hruncakova,http://www.asapsports.com/show_player.php?id=47260
Viktoria Kuzmova,http://www.asapsports.com/show_player.php?id=43100
Viktorija Golubic,http://www.asapsports.com/show_player.php?id=31263
Viktoriya Tomova,http://www.asapsports.com/show_player.php?id=43433
Vincenzo Santopadre,http://www.asapsports.com/show_player.php?id=37964
Vivek Murthy,http://www.asapsports.com/show_player.php?id=45048
Vivian Heisen,http://www.asapsports.com/show_player.php?id=47512
Vladimir Albot,http://www.asapsports.com/show_player.php?id=38546
Wang Aoran,http://www.asapsports.com/show_player.php?id=49447
Wang Qiang,http://www.asapsports.com/show_player.php?id=31907
Wang Xinyu,http://www.asapsports.com/show_player.php?id=38039
Wang Xiyu,http://www.asapsports.com/show_player.php?id=36001
Wang Yafan,http://www.asapsports.com/show_player.php?id=34142
Wayne Ferreira,http://www.asapsports.com/show_player.php?id=12605
Weronika Baszak,http://www.asapsports.com/show_player.php?id=38708
Weronika Falkowska,http://www.asapsports.com/show_player.php?id=43440
Wesley Koolhof,http://www.asapsports.com/show_player.php?id=32507
Will Maher,http://www.asapsports.com/show_player.php?id=43498
Wim Fissette,http://www.asapsports.com/show_player.php?id=39161
Wojciech Marek,http://www.asapsports.com/show_player.php?id=38533
Wolfgang Thiem,http://www.asapsports.com/show_player.php?id=38707
Wu Di,http://www.asapsports.com/show_player.php?id=45585
Wu Yibing,http://www.asapsports.com/show_player.php?id=36029
Xiao Yukun,http://www.asapsports.com/show_player.php?id=45162
Xinyu Wang,http://www.asapsports.com/show_player.php?id=43495
Xu Yifan,http://www.asapsports.com/show_player.php?id=34024
Yang Zhaoxuan,http://www.asapsports.com/show_player.php?id=34666
Yannick Hanfmann,http://www.asapsports.com/show_player.php?id=37605
Yannik Noah,http://www.asapsports.com/show_player.php?id=44557
Yaroslav Demin,http://www.asapsports.com/show_player.php?id=44679
Yaroslava Shvedova,http://www.asapsports.com/show_player.php?id=20067
Yasutaka Uchiyama,http://www.asapsports.com/show_player.php?id=38260
Ylena In-Albon,http://www.asapsports.com/show_player.php?id=37222
Yoshihito Nishioka,http://www.asapsports.com/show_player.php?id=29193
Yoshohito Nishioka,http://www.asapsports.com/show_player.php?id=39498
Yosuke Watanuki,http://www.asapsports.com/show_player.php?id=43494
You Xiaodi,http://www.asapsports.com/show_player.php?id=37973
Ysaline Bonaventure,http://www.asapsports.com/show_player.php?id=39522
Yuan Yue,http://www.asapsports.com/show_player.php?id=45095
Yui Kamiji,http://www.asapsports.com/show_player.php?id=31539
Yuichi Sugita,http://www.asapsports.com/show_player.php?id=33906
Yulia Putintseva,http://www.asapsports.com/show_player.php?id=24726
Yuliia Starodubtseva,http://www.asapsports.com/show_player.php?id=48931
Yunchaokete Bu,http://www.asapsports.com/show_player.php?id=48953
Yuriko Lily Miyazaki,http://www.asapsports.com/show_player.php?id=45013
Yuriko Miyazaki,http://www.asapsports.com/show_player.php?id=42485
Yuriy Schukin,http://www.asapsports.com/show_player.php?id=40813
Yvonne Cavalle-Reimers,http://www.asapsports.com/show_player.php?id=47526
Zachary Svajda,http://www.asapsports.com/show_player.php?id=50612
Zarina Diyas,http://www.asapsports.com/show_player.php?id=37823
Zeljko Franulovic,http://www.asapsports.com/show_player.php?id=15179
Zeynep Sonmez,http://www.asapsports.com/show_player.php?id=49497
Zhang Bin,http://www.asapsports.com/show_player.php?id=49002
Zhang Junhui,http://www.asapsports.com/show_player.php?id=45159
Zhang Shuai,http://www.asapsports.com/show_player.php?id=32076
Zhang Zhizhen,http://www.asapsports.com/show_player.php?id=38025
Zheng Qinwen,http://www.asapsports.com/show_player.php?id=42767
Zheng Qiwen,http://www.asapsports.com/show_player.php?id=48357
Zheng Saisai,http://www.asapsports.com/show_player.php?id=31906
Zhibek Kulambaveva,http://www.asapsports.com/show_player.php?id=43422
Zhibek Kulambayeva,http://www.asapsports.com/show_player.php?id=47494
Zhizhen Zhang,http://www.asapsports.com/show_player.php?id=45022
Zhou Yi,http://www.asapsports.com/show_player.php?id=45090
Zhu Lin,http://www.asapsports.com/show_player.php?id=36539
Ziga Sesko,http://www.asapsports.com/show_player.php?id=49487
Zizou Bergs,http://www.asapsports.com/show_player.php?id=46426
Zoe Hives,http://www.asapsports.com/show_player.php?id=43442
Zsombor Piros,http://www.asapsports.com/show_player.php?id=32538
Zura Tkemaladze,http://www.asapsports.com/show_player.php?id=38563
